term	persona_in_group	type	register	example_text	example_source	example_speaker	example_date
#GenderWooWoo	transphobic	persona signal (shared culture)	Informal/Online	"""So it’s #GenderWooWoo day and I’d like to share Kylie who pretended to be pregnant then pretended to have a stillbirth. Then tried to raise money for a doll to help him grieve. He was in a pg & birth group where women supported him & some were thrown out for telling the truth."""	https://web.archive.org/web/20221126161023/https://twitter.com/feministbirther/status/1263383086751866880	Anonymous	May 21, 2020
#Milk	white supremacist	persona signal (self-referential)	Informal/Online	"""I'm very proud of my mutant power of digesting lactose well into adulthood thank you very much. #MilkTwitter #DownWithTheVeganAgenda 🥛"""	https://theconversation.com/how-the-alt-right-uses-milk-to-promote-white-supremacy-94854	Anonymous	May 30, 2017
#WomenWontWheesht	transphobic	persona signal (shared culture)	Informal/Online	"""I had the best day yesterday. Thank you ⁦@jk_rowling for bringing together so many of the women who’ve helped sustain each other through difficult times. #SisterhoodIsPowerful. #WomenWontWheesht"""	http://web.archive.org/web/20220411085507/https://twitter.com/joannaccherry/status/1513440353537380356	Joanna Cherry (Scottish Member of Parliament)	April 11, 2022
109	antisemitic	persona signal (symbol)	Informal/Online	"""""Wow 109 countries, and they consider us as cattle?""
""That's right Sneako, just wait till you hear about the blood libel and black cube of saturn"""""	https://twitter.com/ZNNpatriot/status/1559909105761935364	Anonymous	August 17, 2022
1290	antisemitic	persona signal (symbol)	Informal/Online	"""I think that ur Marxist police state apparatus is appalling & that u shud be prosecuted under the Edict of Expulsion Act 1290"""	https://twitter.com/TurnerDiaries/status/525824441486671873	Anonymous	October 24, 2014
13%	racist	persona signal (symbol)	Informal/Online	"""Because they know the truth. 13/50 [in response to tweet about how teachers expect Black children to misbehave]"""	https://twitter.com/Real_KeithBone/status/1558052787690283010	Anonymous	August 12, 2022
1488	white supremacist	persona signal (symbol)	Informal/Online	"""Wow its already got 1400 comments in the last 88 minutes"""	https://www.splcenter.org/hatewatch/2020/07/08/twitter-gave-free-rein-jack-posobiec-publish-antisemitic-hate-and-disinformation	Jack Posobiec (alt-right political activist and television correspondent)	September 6, 2016
23/16	white supremacist	persona signal (symbol)	Informal/Online	"""🤣🤣🤣hoe is right get ready for them too rule the 25th amendment soon though they're trying to always pull the wool over our eyes but we see the real truth he's liberaltards Oi Oi 1488 & 2316"""	https://twitter.com/captaincadet1/status/1325850783313620992	Anonymous	November 9, 2020
41%	transphobic	persona signal (symbol)	Informal/Online	"""Wow Neil, your grandma sounds terribly transphobic. I hope you did what was necessary and threatened to 41 yourself until she agreed to stop saying words you don’t like and let you wear her panties in peace
"""	https://twitter.com/BioFrTsukiChan/status/1502388415509282816	Parody/satirical account pretending to be trans	March 11, 2022
6MWE	antisemitic	persona signal (symbol)	Informal/Online	"""damn the shirt is fire, 6MWE btw"""	https://twitter.com/Snacks64670369/status/1557732679386562562	Anonymous	August 11, 2022
A Leppo	white supremacist	arbitrary target group label	Informal/Online	"""The tweet above screenshotted from a Leppo stream is CLEARLY a fake hoax phony Utube account with no content but a crap photoshop of Lestat in a dress intended to impersonate Lestat and fool others who didn't go look at the channel. Again, fake phony fraudulent account."""	https://twitter.com/BrigidCovey/status/1156883121771618304	Anonymous	August 1, 2019
abolish birthright citizenship	anti-Latino	concept (policy)	Formal/Offline	"""If we truly love America, we must end birthright citizenship by fraud in the United States."""	https://twitter.com/RepMattGaetz/status/1345754037992361984	Matt Gaetz (Florida Representative)	January 3, 2021
absent fathers	racist	stereotype-based target group label	Formal/Offline	"""There are so many things we can talk about. The breakdown of the family structure, the lack of fathers, the lack of sort of a moral code in our society. This isn't just a racial thing-- it goes across racial boundaries"""	https://theweek.com/articles/552308/deadbeat-black-dads-arent-cause-baltimores-riots	Rand Paul (Kentucky Senator)	April 28, 2015
actual woman	transphobic	persona signal (self-referential)	Formal/Offline	"""Lia Thomas was beaten out of the “Woman of The Year” Award by an actual woman. How unwoke!!!!"""	https://twitter.com/TomiLahren/status/1552033669262577665	Tomi Lahren (conservative radio and talk show host)	July 26, 2022
adult human female	transphobic	persona signal (self-referential)	Formal/Offline	"""Faintly hysterical at the fact that The Globe has reassigned the gender of Elizabeth I, a ruler who literally gave a speech about being an Adult Human Female (and how that didn't stop her having the heart and stomach of a king)."""	https://twitter.com/helenlewis/status/1558063174200528897	Helen Lewis (journalist)	August 12, 2022
AFAB trans woman	transphobic	humor/mockery/sarcasm	Informal/Online	"""This is stunning and brave, from an assigned female at birth (AFAB) trans woman."""	https://twitter.com/zaelefty/status/1458648435192733698	Zach Eliiot (author)	Novermber 10, 2021
affirmative action	racist	concept (policy)	Formal/Offline	"""Joe Biden will nominate a black woman for the Supreme Court because he said he would select someone based on race and sex, and then we will be told that noting that this is definitionally affirmative action and race discrimination is itself racist.
Also, there's a reason Democrats never miss with their SCOTUS picks: they overtly choose wild Leftists. That's the only real qualification. They wouldn't care whether Biden nominated an HLS grad who clerked for Breyer or Cardi B, so long as that person voted reliably Left."""	https://twitter.com/benshapiro/status/1486685738775293967	Ben Shapiro (conservative radio and talk show host)	January 27, 2022
agender	transphobic	persona signal (self-referential)	Informal/Online	"""The majority of people deny cis because the majority of people do not conform to gender stereotypes. But somehow if you believe in the reality of being female, you have to be cis and cannot object. I am agender and I am a woman because woman is adult human female. I am not cis."""	https://twitter.com/justz571/status/1291024865873534982	Anonymous	August 5, 2020
Aiden	transphobic	arbitrary target group label	Informal/Online	"""TRAs always need to get the last word in and need to use these dumb half-baked memes 😂
I have better things to spend my time on lmao keep whining Aiden"""	https://twitter.com/ttaffy629/status/1471793348096704516	Anonymous	December 17, 2021
alarmism	climate change denier	concept (policy)	Formal/Offline	"""Recently, advocates of alarmism have grown increasingly desperate to try to convince the public that global warming is the greatest moral issue of our generation. Just last week, the vice president of London's Royal Society sent a chilling letter to the media encouraging them to stifle the voices of scientists skeptical of climate alarmism. During the past year, the American people have been served up an unprecedented parade of environmental alarmism by the media and entertainment industry, which link every possible weather event to global warming. The year 2006 saw many major organs of the media dismiss any pretense of balance and objectivity on climate change coverage and instead crossed squarely into global warming advocacy.
"""	https://www.americanrhetoric.com/speeches/jamesinhofesenatespeechonglobalwarming.htm	James Inhofe (Oklahoma Senator)	September 25, 2006
alarmist	climate change denier	stereotype-based target group label	Formal/Offline	"""A mountain of evidence shows climate alarmists never learn from their mistakes, be they clear misstatements of facts or repeatedly failed prognostications.
Why should they? The press lets climate alarmists get away with making more false claims than any other group on any other topic, including the efficacy of the COVID vaccines in keeping people from catching the disease or requiring hospitalization. Climate alarmists have nothing to fear from so-called fact checkers in corporate or social media, because the “fact checkers” are either true believers themselves or fellow beneficiaries of the climate alarm gravy train."""	https://www.heartland.org/news-opinion/news/being-a-climate-alarmist-means-never-having-to-admit-youre-wrong	H. Sterling Burnett (Heartland Institute)	January 13, 2022
All Lives Matter	racist	concept (values)	Formal/Offline	"""Pence: I've literally met with African American leaders around this country and in the national capital area who've- who made it clear to us they- they want law and order. They- they want peace in our streets.
Interviewer: So you won't say black lives matter?
Pence: John, I really believe that all lives matter...And that's where the heart of the American people lies. And we're going to continue to stand strong. We're going to continue to stand strong with Americans that- that want to see us come together as a nation. And we're going to carry that message all the way to November and for four more years. """	https://www.cbsnews.com/news/transcript-vice-president-mike-pence-on-face-the-nation-june-28-2020/	Former Vice President Mike Pence	June 28, 2020
alt-right	white supremacist	persona signal (self-referential)	Formal/Offline	"""Mike Enoch just got banned from Twitter after getting retweeted by
@AnnCoulter
. I got wiped from Facebook this weekend.
Timing is very important.
The Alt-Right is being recognized as THE grounded, authentic anti-war movement in the U.S.
For our enemies, that's unacceptable."""	https://twitter.com/RichardBSpencer/status/985989690867290113	Richard Spencer (neo-Nazi)	April 16, 2018
America First	antisemitic	concept (policy)	Formal/Offline	"""From this day forward: a new vision will govern our land, from this day forward, it’s going to be only America first. America first.
Every decision on trade, on taxes, on immigration, on foreign affairs will be made to benefit American workers and American families. We must protect our borders from the ravages of other countries making our products, stealing our companies and destroying our jobs. Protection will lead to great prosperity and strength. I will fight for you with every breath in my body, and I will never, ever let you down. America will start winning again, winning like never before. We will bring back our jobs. We will bring back our borders. We will bring back our wealth, and we will bring back our dreams. We will build new roads and highways and bridges and airports and tunnels, and railways, all across our wonderful nation. We will get our people off of welfare and back to work, rebuilding our country with American hands and American labor."""	https://www.politico.com/story/2017/01/full-text-donald-trump-inauguration-speech-transcript-233907	Donald Trump	January 20, 2017
Amerimutt	white supremacist	humor/mockery/sarcasm	Informal/Online	"""The Amerimutt cope never ends
Your entire countries history and existence is a war machine for Z0g and their plan you are the blueprint
You have no history, culture or future outside of z0g you are equivalent of the Soviet Union if it was 10x worse and more evil"""	https://twitter.com/NEW__CALIFORNIA/status/1559017320906772481	Anonymous	August 14, 2022
Amish	racist	humor/mockery/sarcasm	Informal/Online	"""I wonder who makes those areas bad? Must be the Amish."""	https://twitter.com/VahtiKoiraan/status/1263007173245886464	Anonymous	May 20, 2020
anchor babies	anti-Latino	stereotype-based target group label	Formal/Offline	"""Open a restaurant at full capacity: illegal
Sneak across the border, suck the American taxpayer dry, have 2-3 anchor babies, possibly commit or recommit crimes: legal
Biden’s America."""	https://twitter.com/TomiLahren/status/1359587985205981187	Tomi Lahren (conservative radio and talk show host)	February 10, 2021
anointed	religious	persona signal (shared culture)	Formal/Offline	"""I have always believed that this anointed land was set apart in an uncommon way, that a divine plan placed this great continent here between the oceans to be found by people from every corner of the Earth who had a special love of faith and freedom. Our pioneers asked that He would work His will in our daily lives so America would be a land of morality, fairness, and freedom.
"""	https://www.presidency.ucsb.edu/documents/proclamation-4979-thanksgiving-day-1982	Ronald Reagan	September 27, 1982
attacks on or imagery of Jewish financial leaders	antisemitic	representative (Bogeyman)	Formal/Offline	"""[Trump closing campaign ad that shows faces of Hillary Clinton, George Soros (Jewish financier), Janet Yellen (Jewish Fed Chair), and Lloyd Blankfein (Jewish Goldman Sachs CEO)]
The Trump narration immediately preceding Soros and Yellin proceeds as follows: “The establishment has trillions of dollars at stake in this election. For those who control the levers of power in Washington [start Soros] and for the global [start Yellen] special interests [stop Yellen]. They partner with these people [start Clinton] who don’t have your good in mind.”
For Blankfein: “It’s a global power structure that is responsible for the economic decisions that have robbed our working class, stripped our country of its wealth and put that money into the [start Blankein] pockets of a handful of large corporations [stop Blankfein] and political entities.”"""	https://talkingpointsmemo.com/edblog/trump-rolls-out-anti-semitic-closing-ad	Donald Trump	November 6, 2016
attacks on or imagery of Jewish political leaders	antisemitic	representative (Bogeyman)	Formal/Offline	"""“She said she was awake at 3:00 in the morning and she also sent a tweet out at 3:00 in the morning,” Trump said, when asked about why he was tweeting in the middle of the night about the former Miss Universe he called “Miss Housekeeping” because she is Latino. “She said she’ll be awake. Guess what happened. Ambassador Stevens sent 600 requests for help. And the only one she talked to was Sidney Blumenthal who is her friend and not a good guy by the way. So you know, she shouldn’t be talking about that.”"""	https://www.presidency.ucsb.edu/documents/presidential-debate-washington-university-st-louis-missouri	Donald Trump	October 9, 2016
autoandrophile	transphobic	stereotype-based target group label	Informal/Online	"""If you’re not incredulous about that, you will be about the data on women who are ‘autoandrophile’.
Up to 56% dressed up as men for sexual kicks - because as we all know there's nothing hornier than jeans and T-shirt."""	https://twitter.com/sarahstuartxx/status/1225141264548614144	The Lies They Tell (blogger)	Februrary 5, 2020
autoandrophilia	transphobic	concept (other)	Informal/Online	"""In 2017, Benestad and Almås published an article in the Journal of Sexual Medicine titled, ""Autogynephilia and Autoandrophilia Revisited"", which argues that the sexual arousal men experience through transvestic crossdressing should be normalized."""	https://twitter.com/WomenReadWomen/status/1528579838722060289	Women's Voices	May 22, 2022
autogynephile	transphobic	stereotype-based target group label	Informal/Online	"""Prominent female academics and journalists seem willing to begin talking about AGP now,yet only cite old articles written by AGPs themselves, they don’t acknowledge the many testimonies of trans widows.Why? Are our exes considered more reliable than we are, even by feminists?"""	http://web.archive.org/web/20220418191437/https://twitter.com/transwidows/status/1506018675811250177	Trans Widows' Voices (women who split with trans partners)	March 21, 2022
autogynephilia	transphobic	concept (other)	Informal/Online	"""Trans rights activists have claimed that natal women commonly experience sexual excitement from the simple thought of being women as a way of “normalizing” this phenomenon in AGP men. Research shows autogynephilia is actually rare/nonexistent in women"""	https://web.archive.org/web/20221126182202/https://twitter.com/BlanchardPhD/status/1541750906277965825	Ray Blanchard (academic)	June 28, 2022
baby daddies	racist	stereotype-based target group label	Formal/Offline	"""We all know it starts with the family. I can tell you that child in a home without a father has a better chance of going to prison than the kid down the street whose dad's at home attending to his responsibilities as a father. People might not want to talk about that, but dads in the home most of the time actually works....I said they even changed the name to what you guys are now? Not dads or fathers anymore. What are they? Baby daddies. What a sad commentary for this nation """		Phil Bryant (Mississippi Governor)	December 11, 2018
baby mama	racist	stereotype-based target group label	Formal/Offline	"""Outraged Liberals: Stop Picking on Obama's Baby Mama! [referring to Michelle Obama]"""	https://www.salon.com/2008/06/12/fox_obama/	Fox News	June 12, 2008
Back the Blue	racist	concept (values)	Informal/Online	"""Now, Joe Biden explains it all by saying he thinks America is systemically racist and that he and Kamala Harris actually believe… Joe Biden and Kamala Harris regularly say that they believe police have an implicit bias against minorities. When he was asked if he’d cut funding for law enforcement, Joe Biden actually said, “Yes. Absolutely.”
But under President Donald Trump, I’ll make you a promise. We’re not going to defund the police, not now, not ever. We’re going to back the blue, and we’re going to back the blue for four more years."""	https://www.rev.com/blog/transcripts/mike-pence-campaign-speech-transcript-flint-michigan-october-28	Mike Pence (former Vice President)	October 28, 2020
balance the budget	conservative	concept (policy)	Formal/Offline	"""Now, of course, we have to recognize all balanced budgets aren't created equal. The crucial question is how do we balance the budget? I don't think you want us to balance the budget by weaseling out of the first decent tax program since John Kennedy's tax cut nearly 20 years ago. Nor would you have us do it by compromising defenses and placing our country's security in peril. There is a better way. Balance the budget by bringing to heel a Federal establishment which has taken too much power from the States, too much liberty with the Constitution, and too much money from the people."""	https://www.reaganlibrary.gov/archives/speech/remarks-rally-supporting-proposed-constitutional-amendment-balanced-federal-budget	Ronald Reagan	July 19, 1982
bankers	antisemitic	stereotype-based target group label	Formal/Offline	"""I stand with the Christians worldwide not the global bankers who are shoving godlessness and degeneracy in our face"""	https://www.timesofisrael.com/liveblog_entry/trump-backed-gop-state-senator-attacks-globalist-zelensky-claims-bankers-pushing-wwiii/	Wendy Rogers (Arizona State Senator)	February 27, 2022
banksters	antisemitic	stereotype-based target group label	Formal/Offline	"""#Stablecoins are securities, not because of logic/common sense, but because my bankster puppet masters say so. I must help the banking cartel maintain their control, so I'm asking for more power to introduce draconian laws to slow down #crypto and allow bankstes to control it."""	http://web.archive.org/web/20210915161134/https://twitter.com/ThinkingCrypto1/status/1437977868248784900	Tony Edward (Thinking Crypto podcast host)	September 14, 2021
Barack Hussein Obama	Islamophobic	representative (Bogeyman)	Formal/Offline	"""Sean, I've had a couple individuals tell me that after the so-called 'white voters' in Iowa and New Hampshire weighed in heavily, especially in Iowa, for Barack Hussein Obama and then in New Hampshire, Hillary kind of made a little bit of a comeback. There has been a conscious effort by Bubba [Bill] Clinton to smear and to slime Barack Hussein Obama on the race issue"""	https://www.mediamatters.org/sean-hannity/fox-news-cunningham-repeatedly-referred-obama-barack-hussein-obama	Bill Cunningham (radio talk show host)	January 27, 2008
based	white supremacist	persona signal (self-referential)	Informal/Online	"""Steve 'Based' King Asks MSNBC: What Have Minorities Contributed To Civilization?"""	https://archive.ph/TEeJ6	Anonymous	January 8, 2017
be a man among men	white supremacist	persona signal (shared culture)	Informal/Online	"""Join your local Proud Boys. Be a man among men."""	https://thehill.com/homenews/3718909-proud-boys-came-to-fight-at-north-carolina-drag-brunch/	Proud Boys	October 30, 2022
bear emoji	white supremacist	persona signal (symbol)	Informal/Online	"""I’m a bear 🐻✝️ and Christian, I don’t worship Owen but believe he is on the front lines in the culture war in America. America is sliding and sometimes diving into socialism, which is deadly for us all. It’s no joke, but if we don’t allow laughter then we are all doomed."""	https://twitter.com/NotGoingToHell/status/994034702565740544	Anonymous	May 8, 2018
beta	white supremacist	arbitrary target group label	Informal/Online	"""Only Beto males support Beta O'Rourke"""	https://web.archive.org/web/20220527164802/https://twitter.com/scrowder/status/1530229208223469568	Steven Crowder (Youtuber/Podcaster)	May 27, 2022
big government	conservative	concept (values)	Formal/Offline	"""In the future, if we get indexing planted firmly as a law of the land, the advocates of big government who want money, more money for their social spending, their social engineering schemes, will have to go to the people and say right out loud: We want more money from your weekly paycheck, so we're raising your taxes. Do that instead of sneaking it out by way of inflation, which they have helped bring on."""	https://www.reaganfoundation.org/media/128735/political-action.pdf	Ronald Reagan	February 18, 1983
big pharma	anti-vax	concept (values)	Formal/Offline	"""By the same token, being ""tested"" and ""reviewed"" by agencies tied to big pharma and the chemical industry is also problematic. There's no shortage of snake oil being sold there."""	https://web.archive.org/web/20221126212346/https://www.reddit.com/r/IAmA/comments/zs2n3/comment/c678asb/	Jill Stein (Green Party presidential candidate)	September 12, 2012
Bing	anti-Asian	arbitrary target group label	Informal/Online	"""If his victims were white or Asian he woulda been caught… and no us as Black shouldn’t be outrages same way the pinks or bings aren’t outraged about us dying/getting killed"""	https://twitter.com/HideHerPlanBs/status/1575592688874708993	Anonymous	September 29, 2022
biological man	transphobic	persona signal (self-referential)	Formal/Offline	"""I would just like to highlight three major concerns...Concern number two: Broad and ambiguous definition of gender identity. This language can have unintended consequences and be taken advantage of by criminals or sexual predators. Also, the safety of women in prisons, juvenile detention facilities, and domestic violence shelters could be put at risk, which would force them to share traditionally women-only spaces with biological men, even if a biological male fraudulently gains access."""	https://www.congress.gov/117/crec/2021/02/25/167/36/CREC-2021-02-25-pt1-PgH633-2.pdf	Victoria Spartz (Indiana Representative)	February 25, 2021
biological realism	transphobic	concept (values)	Formal/Offline	"""Section 1557 prohibits discrimination “on the basis of sex.” The proposed HHS rule would radically change the long-understood definition of “sex,” which has been based on biology, to include “gender identity” or “sexual orientation.” This presents many problems, such as putting free speech at risk, threatening religious liberty, and potentially stripping billions of dollars from states that do not agree with the Biden Administration’s emphasis on redefining biological reality. """	https://www.texasattorneygeneral.gov/news/releases/paxton-sends-letter-biden-admin-criticizing-unlawful-rule-forces-states-adopt-woke-gender-policies	Ken Paxton (Texas Attorney General)	October 11, 2022
biological realist	transphobic	persona signal (self-referential)	Formal/Offline	"""Because the ground of a RadFem worldview is male domination, the notion that a male could opt into a female identity is just another iteration of male entitlement and supremacy. RadFems are biological realists, but not biological determinists. It is not merely biology per se that defines the category of woman—that would be biological essentialism. For RadFems, what unites and defines women as a group is the pervasive social oppression experienced by biologically female human beings."""	https://www.thepublicdiscourse.com/2021/07/76717/	Abigail Favale (Professor)	July 17, 2021
biological woman	transphobic	persona signal (self-referential)	Formal/Offline	"""Mr. Speaker, you see, as a woman, I have competed in sports, and I am so thrilled that I was able to do that, but I competed against
biological women… Biological women cannot compete against biological men. Biological little girls cannot compete against biological little boys. And they shouldn't have to…
Mr. Speaker, it is one thing to stop discrimination of a class of people, but it is another thing to completely violate and destroy the
rights of girls and women in order to achieve this. This bill must be struck down. It is completely wrong. Furthermore, we are in an institution where it says, ``In God we trust.'' Well, it says in Genesis: God created us male and female. In his image, he created us. Science has two sets of chromosomes that prove male and female."""	"https://www.congress.gov/congressional-record/volume-167/issue-35/house-section/article/H598-1?q={""search"":[""\""biological+women\"""",""\""biological"",""women\""""]}&s=7&r=2"	Marjorie Taylor Greene (Georgia Representative)	February 24, 2021
bix nood	racist	humor/mockery/sarcasm	Informal/Online	"""""No Floydhisattva, don't reincarnate me! I must escape Samsara""
""Mup da doo didda po mo gub bidda de dat tum muhfuggen bix nood"""""	https://twitter.com/0x49fa98/status/1454107036522844162	Anonymous	October 29, 2021
black and orange square emojis	transphobic	persona signal (symbol)	Informal/Online	"""Super straight & proud ⬛️🟧
Respect my sexual preferences as you wish me to respect yours 🏳️‍🌈 #superstraight"""	https://twitter.com/BurtSpencer/status/1367697370171940869	Anonymous	March 4, 2021
black-on-black crime	racist	concept (other)	Formal/Offline	"""He added that the protests from BLM and similar groups ""covered up and ignored all the black on black crime occurring the last three years,"" noting ""the sad part"" about the spike in murders were Black politicians and White liberals who have ""refused to accept their role"" in the violence."""	https://www.foxnews.com/us/activists-look-other-way-increase-black-murders-experts	Emma Colton (journalist)	April 21, 2022
Blue Lives Matter	racist	concept (values)	Formal/Offline	"""I would like to make something very clear. Blue lives matter in America! There is some good news out of Baltimore, Maryland, as Lieutenant Brian Rice was acquitted on all charges. What we witnessed in Ferguson and Baltimore and Baton Rouge was a collapse of the social order, so many of the accidents of the occupy movement and Black Lives Matter transcends peaceful protest and violates the code of conduct we rely on. I call it anarchy."""	http://us.cnn.com/TRANSCRIPTS/1607/19/ddhln.01.html	David Clarke (Milwaukee Sheriff)	
blueish	antisemitic	phonetic-based target group label	Informal/Online	"""Bluish people handle a lot of our money, it's always been said he who controls the money controls the nation! #BLUEISH #WHYSOBLUE"""	https://web.archive.org/web/20191130030056/https:/twitter.com/f343j2j32h42/status/1198806254812123142	Anonymous	November 24, 2019
Boogaloo	white supremacist	concept (values)	Informal/Online	"""New sponsor: Acre Gold. Monthly gold subscription service. So when the big igloo happens and cash is useless, I can still buy guns and ammo for my roaming bandit gang. (Link below)"""	https://twitter.com/DonutOperator/status/1256017324949241859	Donut Operator (Youtuber)	April 30, 2020
bop	white supremacist	humor/mockery/sarcasm	Informal/Online	"""Calling all frens! we have to bop the non-frens and clowns! they are invadin our home:("""	https://frenworld-archive.io/frenworld/comments/b/b/h/v/c/2/calling_all_frens_we_have_to_bop_the_nonfrens_and.html	Anonymous	April 10, 2019
brave and stunning	transphobic	stereotype-based descriptor	Informal/Online	"""Are you telling me Joe Biden was interviewed by this brave and stunning “lady” today?"""	https://twitter.com/RitaPanahi/status/1584379394948153344	Rita Panahi (Australian right-wing columnist)	October 23, 2022
broken family	racist	stereotype-based target group label	Formal/Offline	"""The inner cities of our country have been run by the Democratic Party for fifty, sixty, seventy years.
These Democratic policies – the policies of Hillary Clinton – have produced only poverty, joblessness, failing schools, broken homes, and rising crime.
Nearly 4 in 10 African-American children live in poverty, including 45% of children under the age of six. 58% of African-American youth are not working. Meanwhile, another 2 million Hispanic-Americans have been added to the ranks of those in poverty since 2009."""	https://www.presidency.ucsb.edu/documents/remarks-the-xfinity-arena-everett-washington	Donald Trump	August 31, 2016
bugman	anti-liberal	arbitrary target group label	Informal/Online	"""I will be enjoying Christmas and behaving as I please without needing permission from some bugman bureaucrat."""	https://twitter.com/PrisonPlanet/status/1466156518609408004	Paul Joseph Watson (British far-right YouTuber)	December 1, 2021
burning coal	racist	stereotype-based descriptor	Informal/Online	"""Burn the coal, pay the toll. [Quote tweet of post that says ""Jealous Ex GF beats up Baby Daddy's new boo😬""]"""	https://twitter.com/track_worker/status/1594371803253772288	Anonymous	November 20, 2022
butterfly	homophobic	arbitrary target group label	Informal/Online	"""But seriously... Happy New Year to nearly everyone, even the #Googles, the #Yahoos and of course the #Skypes. #FreeHelicopterRides for the #Skittles and #Butterflies! Let's hope 2019 finally brings the blessed #DayoftheRope."""	https://twitter.com/s_hairpiece/status/1080326947144679424	Anonymous	January 1, 2019
cabal	antisemitic	stereotype-based target group label	Formal/Offline	"""I can no longer remain in today’s Democratic Party that is now under the complete control of an elitist cabal of warmongers driven by cowardly wokeness, who divide us by racializing every issue & stoke anti-white racism, actively work to undermine our God-given freedoms, are…"""	https://twitter.com/TulsiGabbard/status/1579788950696185859	Tulsi Gabbard (politician and 2020 presidential candidate)	October 11, 2022
car salesman	anti-liberal	arbitrary target group label	Informal/Online	"""Look at all these car salesmen getting ready for Shillary to cuck their country away."""	https://www.urbandictionary.com/define.php?term=Car Salesmen	Anonymous	September 24, 2016
Carolus Rex	white supremacist	persona signal (symbol)	Informal/Online	"""This is going way too far.
A former Swedish Mayor now wants to remove statue of the famous Swedish King Charles XII (Carolus Rex).
And replace him with a statue of Greta Thunberg.
You can't make this up.
They want to erase our history 😑"""	https://twitter.com/PeterSweden7/status/1272927192058597376	Peter Imanuelsen (aka Peter Sweden, far-right activist and self-proclaimed Swedish journalist)	June 16, 2020
centipede	white supremacist	persona signal (self-referential)	Informal/Online	"""Nimble navigator here. how do i photoshop a maga hat on something...plz halp. ""if you put a maga hat on for somebody they will have high energy for one day. if you teach a man to put maga hats on..they will become the highest of centipedes."" -me"""	https://www.reddit.com/r/AskTrumpSupporters/comments/4e8vz5/nimble_navigator_here_how_do_i_photoshop_a_maga/	Anonymous	April 10, 2016
central bankers	antisemitic	stereotype-based target group label	Formal/Offline	"""Ben Garrison is an independent political cartoonist based in Northwest Montana. Ben began drawing cartoons in 2009 to protest the central banker bailout, bloated government and the slide toward tyranny. Ben’s cartoons have been seen by millions of people around the world.
"""	https://web.archive.org/web/20180119220410/https://grrrgraphics.com/about/	Ben Garrison (right-wing political cartoonist)	January 19, 2018 (earliest website capture)
checkered flag emoji	transphobic	persona signal (symbol)	Informal/Online	"""@jk_rowling
Hey remember what the great wizard once said ""It takes a great deal of bravery to stand up to our enemies, but just as much to stand up to our friends."" 🏁"""	https://twitter.com/UltraTrizzy/status/1271961660174094343	Anonymous	June 13, 2020
cherry emoji	transphobic	persona signal (symbol)	Informal/Online	"""Finally, someone has answered that seemingly hitherto unanswerable question, ""what is a woman?"" Stand down terves, we have our winner 🍒 🏆"""	https://twitter.com/Tantearose/status/1490723526013341699	Anonymous	Februrary 7, 2022
children are being forced to transition	transphobic	concept (values)	Formal/Offline	"""These cases of kids being forced to ""transition"" to the opposite gender by their deranged parents are horrifying but instructive. It shows how mental illness is fostered in children. Many powerful institutions are determined to create a generation of confused, mentally ill people"""	https://web.archive.org/web/20210307082256/https://twitter.com/MattWalshBlog/status/1067813696154624000	Matt Walsh (right-wing political commentator)	November 28, 2018
China Virus	anti-Asian	stereotype-based descriptor	Formal/Offline	"""I am announcing that I, along with 3 of my senior staff, are officially under self-quarantine after sustained contact at CPAC with a person who has since been hospitalized with the Wuhan Virus. My office will be closed for the week."""	http://web.archive.org/web/20220911010600/https://twitter.com/DrPaulGosar/status/1236821135964004352	Paul Gosar (Arizona Representative)	March 8, 2020
citizens of nowhere	antisemitic	stereotype-based target group label	Formal/Offline	"""But today, too many people in positions of power behave as though they have more in common with international elites than with the people down the road, the people they employ, the people they pass in the street.
But if you believe you’re a citizen of the world, you’re a citizen of nowhere. You don’t understand what the very word ‘citizenship’ means."""	http://web.archive.org/web/20210827171157/https://www.bbc.com/news/av/uk-politics-37563510	Theresa May (former UK Prime Minister)	October 5, 2016
cleaning up our streets	racist	concept (policy)	Formal/Offline	"""And speaking of cleaning up, while we're at it, we've got to clean up our streets by fighting the scourge of drugs and its accomplice, violent crime. Our children deserve a chance to avoid drugs, through a vigorous antidrug campaign in the schools. Users and addicts deserve a chance to go clean through treatment. But society also deserves a chance, by sending the drug dealers where they belong -- to do time, hard time. """	https://www.presidency.ucsb.edu/documents/remarks-fundraising-reception-for-senatorial-candidate-claudine-schneider-warwick-rhode	George Bush Sr.	November 20, 1989
climate realism	climate change denier	concept (values)	Formal/Offline	"""After having been dismissive of climate alarmism for years, it's time for conservatives to recommit themselves to understanding the scientific basics and to arguing the compelling case for climate realism."""	http://web.archive.org/web/20210622154443/https://www.aei.org/articles/the-case-for-climate-change-realism/	Benjamin Zycher (Fellow at American Enterprise Institute)	June 21, 2021
climate realist	climate change denier	persona signal (self-referential)	Formal/Offline	"""YouTuber and climate realist Naomi Seibt says governments across the world are cracking down on dissent, especially when it comes to contentions issues like the response to COVID-19 and climate change."""	http://web.archive.org/web/20220403133902/https://www.skynews.com.au/opinion/outsiders/german-authorities-are-cracking-down-on-climate-change-dissent/video/b4e43e129824fe13406268a3e1d8baec	Sky News Australia	May 31, 2020
Clown World	white supremacist	persona signal (symbol)	Informal/Online	"""Our society is at peak corruption… fraud is widespread… our politicians and central bankers engage in insider trading…
The SEC protects the crooks, not retail… will anyone go to jail…? or will we repeat 2008 and continue as if nothing had happened…?
🔊sound ...🧐🤡🌎"""	http://web.archive.org/web/20221128213608/https://twitter.com/WallStreetSilv/status/1595819532643598336	Wall Street Silver (Youtuber)	November 24, 2022
clownfish	transphobic	stereotype-based target group label	Informal/Online	"""Things that, bizarrely, have to be said in 2022, thanks to Trans, Inc.:
- Human beings aren't clownfish.
- Lesbians don't like penises.
- Men can't get pregnant.
- Only women have a cervix.
- It's wrong to mutilate children.
Feel free to add to the list in replies."""	https://twitter.com/KDansky/status/1561030423559421955	Kara Dansky (author)	August 20, 2022
coal burner	racist	arbitrary target group label	Informal/Online	"""Why is there a fucking coal burner in the background of this image [Quote tweet of image with a white woman holding a black baby in the background]
"""	https://twitter.com/TuckahoeCohee/status/1583968299125071873	Anonymous	October 22, 2022
coastal elite	antisemitic	stereotype-based target group label	Formal/Offline	"""It's not politics, because it's policy. It is in our budget. We have actually appropriated money to do just that. And it's meant to send a message. And I think that's what the governor did was expose the hypocrisy of those coastal elites.
"""	https://www.pbs.org/newshour/show/culture-wars-take-center-stage-in-floridas-governor-race-between-desantis-and-crist	Blaise Ingoglia (Floria State Representative)	October 20, 2022
COIN	transphobic	concept (values)	Informal/Online	"""This is getting perilously close to ""COINing"", aka ""Co-opting Intersex Narratives"", aka trying to use the health issues of people with Disorders of Sexual Development to bash women-who-stand-up-for-themselves over the head."""	https://twitter.com/ComradeHedgehog/status/1497657370499063817	Anonymous	February 26, 2022
coincidence	antisemitic	stereotype-based descriptor	Informal/Online	"""Just a positively spectacular coincidence that
@SECGov gives every broker-dealer a last call warning to shore their shit up for margin call mayhem 3 days before
@GameStop earnings.
#GME #NothingToSeeHere #Cohencidence"""	https://twitter.com/benwehrman/status/1503499359463170050	Anonymous	March 14, 2022
colorblind	racist	concept (values)	Formal/Offline	"""We're committed to a society in which all men and women have equal opportunities to succeed, and so we oppose the use of quotas. We want a colorblind society, a society that, in the words of Dr. King, judges people ``not by the color of their skin, but by the content of their character.''"""	https://www.reaganlibrary.gov/archives/speech/radio-address-nation-martin-luther-king-jr-and-black-americans	Ronald Reagan	January 18, 1986
controlled media	antisemitic	stereotype-based descriptor	Formal/Offline	"""By suppressing the evidence of the harms caused by the mRNA vaccines the MSM have sealed their own fate. The public will never believe anything from them again. It’s the end of these mouthpieces of big Pharma and the super wealthy elite. This is the end of the controlled media."""	https://web.archive.org/web/20230103002642/https://twitter.com/ABridgen/status/1608078600061730817	Andrew Bridgen (British Member of Parliament)	December 28, 2022
cosmopolitan	antisemitic	stereotype-based target group label	Formal/Offline	"""The cosmopolitan elite look down on the common affections that once bound this nation together: things like place and national feeling and religious faith. They regard our inherited traditions as oppressive and our shared institutions—like family and neighborhood and church—as backwards. What they offer instead is a progressive agenda of social liberation in tune with the priorities of their wealthy and well-educated counterparts around the world. And all of this—the economic globalizing, the social liberationism—has worked quite well. For some. For the cosmopolitan class. And yes, in this bargain there are lots of jobs—jobs on Wall Street, or in Hollywood, or in Silicon Valley. Because the truth is, the cosmopolitan economy has made the cosmopolitan class an aristocracy."""	https://www.hawley.senate.gov/senator-josh-hawleys-speech-national-conservatism-conference	Josh Hawley (Missouri Senator)	July 18, 2019
cosmopolitan elite	antisemitic	stereotype-based target group label	Formal/Offline	"""Do you support the cancel culture? The cosmopolitan elites of Nancy Pelosi, Chuck Schumer, and Joe Biden, who blame America first? Do you think America is to blame? Or, do you believe in American greatness? Believe in yourself? In President Trump? In individual and personal responsibility? They want to destroy this country and everything that we have fought for and hold dear. They want to steal your liberty, your freedom. They want to control what you see and think and believe so that they can control how you live. They want to enslave you to the weak, dependent, liberal victim ideology to the point that you will not recognize this country or yourself"""	https://www.rev.com/blog/transcripts/kimberly-guilfoyle-2020-rnc-speech-transcript	Kimberly Guilfoyle (TV news personality and Trump advisor)	August 24, 2020
cosmopolitanism	antisemitic	stereotype-based descriptor	Formal/Offline	"""Because who now listens to the American middle? The cosmopolitan agenda has driven both Left and Right...Our national solidarity has been broken by the globalizing and liberationist policies of the cosmopolitan agenda. Now we must forge it anew.
And so at this moment in our nation’s history, we must work to raise up a generation united in a common love for our distinctive achievements as a people. And that means we must teach our children who we are, without apology."""	https://www.hawley.senate.gov/senator-josh-hawleys-speech-national-conservatism-conference	Josh Hawley (Missouri Senator)	July 18, 2019
countersemite	antisemitic	persona signal (self-referential)	Informal/Online	"""#elsagate is real. YouTube is producing scat porn and other gross content for kids. Remember who keeps doing this? #countersemite"""	https://twitter.com/_Youhad1job/status/876571386302545921	Anonymous	June 18, 2017
critical race theory	racist	concept (other)	Formal/Offline	"""What we don’t do is teach our children to view everything through a lens of race, where we divide them into buckets – one group’s an oppressor and another group’s a victim – and we pit them against each other and we steal their dreams. We will not be a commonwealth of dream-stealers. We will be a commonwealth of dream-enablers and builders. We know it's not right. We're all created equal, and we're trying so hard to live up to those immortal words of Dr. Martin Luther King Jr., who implored us to be better than we are; to judge one another based on the content of our character and not the color of our skin. And so let me be clear, on day one, we will not have political agendas in the classroom and I will ban critical race theory. """	https://www.theguardian.com/us-news/2021/nov/06/republicans-glenn-youngkin-joe-biden-democrats	Glenn Youngkin (Virginia Governor)	November 1, 2021
Crusades imagery	white supremacist	persona signal (symbol)	Informal/Online	"""The British Corporatist Globalist Empire is the enemy of the English, Scottish, Welsh, Irish, of all people who love liberty and freedom. The British State must fall, Deus Vult 🏴󠁧󠁢󠁥󠁮󠁧󠁿🙏☦️ [Note: 🏴󠁧󠁢󠁥󠁮󠁧󠁿 is the English flag but is sometimes used due to its resemblance to the Medieval Knights Templar flag]"""	https://twitter.com/GaryCar78593878/status/1538957396747362305	Anonymous	June 20, 2022
cuck	white supremacist	arbitrary target group label	Informal/Online	"""If you support #TedCruz & can live with him pursuing the presidency via contested convention, congrats!
You are officially a cuckservative."""	https://twitter.com/LindaSuhler/status/717812489321222144	Anonymous	April 6, 2016
cultural enrichment	Islamophobic	concept (other)	Informal/Online	"""Another day of cultural enrichment in Londonistan. Weaponised vehicles, a few dead people. Sadiq Khan's Londonistan #londonattack"""	https://archive.ph/elmYD	Anonymous	June 3, 2017
cultural Marxism	antisemitic	concept (other)	Formal/Offline	"""It was a pleasure to meet STEVE BANNON, strategist in Donald Trump's presidential campaign.We had a great conversation and we share the same worldview.He said be an enthusiast of Bolsonaro's campaign and we are certainly in touch to join forces,especially against cultural marxism."""	http://web.archive.org/web/20220120165257/https://twitter.com/bolsonarosp/status/1025718449425788929	Eduardo Bolsonaro (politician and son of Brazilian president Jair Bolsonaro)	August 4, 2018
cultural Marxists	antisemitic	stereotype-based target group label	Formal/Offline	"""Cultural Marxists assault not only our history but also the family, the chastity of women and Christianity, important pillars of our civilization. Cultural Marxists use education, entertainment and the media to create a new people that shares their values."""	http://web.archive.org/web/20200104132924/https://www.unz.com/proberts/that-buchanan-book/	Paul Craig Roberts (economist and columnist)	January 8, 2002
culture enricher	Islamophobic	stereotype-based target group label	Informal/Online	"""Culture-Enrichers Who Pushed Man in Front of a Train Released From Custody"""	https://www.reddit.com/r/the_frauke/comments/60m7d8/cultureenrichers_who_pushed_man_in_front_of_a/	Anonymous	March 21, 2017
cut taxes	racist	concept (policy)	Formal/Offline	"""A few days ago I was visited here in the office by a Democratic Congressman from one of our southern States. He'd been back in his district. And one day one of his constituents asked him where he stood on our economic recovery program -- I outlined that program in an earlier broadcast -- particularly the tax cut...The constituent, a farmer, listened politely until he'd finished, and then he said, ``Don't give me an essay. What I want to know is are you for 'im or agin 'im?''"""	https://www.reaganlibrary.gov/archives/speech/address-nation-federal-tax-reduction-legislation	Ronald Reagan	July 27, 1981
deadbeat dad	racist	stereotype-based target group label	Formal/Offline	"""these American taxpayers are living up to their own responsibilities, supporting their own children, and it is a brutally unfair law which requires them to also support the children of the deadbeats who abandon them to welfare."""	https://www.finance.senate.gov/imo/media/doc/Sprt21.pdf	Russell Long (Louisiana Senator)	December 14, 1971
deadly exchange	antisemitic	stereotype-based descriptor	Formal/Offline	"""Zionist forces using the infamous and sometimes fatal “knee-on-neck” repression technique, which they have exported to Black and brown communities in the US through deadly-exchange programs."""	https://twitter.com/m7mdkurd/status/1498308307450314753	Mohammed El-Kurd (journalist)	February 28, 2022
deep state	antisemitic	stereotype-based descriptor	Formal/Offline	"""Of course, the deep state exists. There’s a permanent state of massive bureaucracies that do whatever they want and set up deliberate leaks to attack the president. This is what the deep state does: They create a lie, spread a lie, fail to check the lie and then deny that they were behind the lie."""	https://apnews.com/article/donald-trump-ap-top-news-sean-spicer-politics-363ccdba946548bfa4b855ae38d1797a	Newt Gingrich (Former Georgia representative and House Speaker)	March 14, 2017
Deus Vult	Islamophobic	persona signal (shared culture)	Informal/Online	"""Congratulations to Filipe Martins who has just been promoted to Chief Advisor for International Affairs!
Like Bolsonaro’s sons he revels in bashing leftists, feminists, “globalists” and journalists.
They don’t call call him “Sorocabannon” for nothing!
Deus Vult! Go get them!"""	http://web.archive.org/web/20200608232939/https://twitter.com/Based_Brazilian/status/1270116905676943361	Based Brazil	June 8, 2020
did you see Kyle?	white supremacist	persona signal (shared culture)	Informal/Online	"""Did you see Kyle? He's about this tall..
"""	http://web.archive.org/web/20220618032601/https://twitter.com/TomForsythe7/status/1537999867460476928	Anonymous	June 17, 2022
dindu	racist	stereotype-based target group label	Informal/Online	"""Dindus when police shoot and kill a guy who draws a gun on them: ""Y cuddnt u hav uzed magik to stop him wiff ur mind????""
Dindus when their own target is completely stationary and it would have been easy to point-blank the guy's kneecap: ""It wuz seff-defens!!!"""""	http://web.archive.org/web/20221130224122/https://twitter.com/BSchmorell/status/1583507107273318401	Anonymous	October 21, 2022
dindu nuffin	racist	humor/mockery/sarcasm	Informal/Online	""">Be a black woman
>Get into a fight with your black boyfriend
>Get drunk
>Barrel down a busy road going 100+ mph sticking your phone out the window
>Cause 6 deaths
>dindu nuffin"""	http://web.archive.org/web/20220809194344/https://twitter.com/elementality13/status/1557089630310518784	Anonymous	August 9, 2022
dinosaur emojis	transphobic	persona signal (symbol)	Informal/Online	"""Posie Parker at London’s #HearMeRoar 🦖 protest:
“We will not stand for the erasure of women, our language, nor our rights. The word ‘woman’ is not hate speech. A woman is an adult human female. Only women have a cervix. We are not ‘bodies with vaginas’.”"""	http://web.archive.org/web/20211008122119/https://twitter.com/WomenReadWomen/status/1446450600359522304	Women's Voices (blogger and podcaster Genevieve Gluck)	October 8, 2021
discussion club	white supremacist	persona signal (self-referential)	Informal/Online	"""We can't even open clubs on campuses because they only allow one club per issue and feminists opened one for men already. Except it isn't about men's rights, it's about how men can protect women better. I'm not kidding. If we get blocked opening a discussion club -"""	https://twitter.com/Dorksword/status/1051743654618918917	Anonymous	October 15, 2018
Dred Scott	conservative	concept (policy)	Formal/Offline	"""Moderator: Mr. President, if there were a vacancy in the Supreme Court and you had the opportunity to fill that position today, who would you choose and why?
Bush: … I would pick somebody who would strictly interpret the Constitution of the United States. Let me give you a couple of examples, I guess, of the kind of person I wouldn’t pick…Another example would be the Dred Scott case, which is where judges, years ago, said that the Constitution allowed slavery because of personal property rights."""	https://www.debates.org/voter-education/debate-transcripts/october-8-2004-debate-transcript/	George W. Bush	October 8, 2004
dual citizen	antisemitic	stereotype-based target group label	Formal/Offline	"""Here is a full list of all 40 currently-serving US congresspeople who have dual citizenship with Israel"""	http://web.archive.org/web/20201223135954/https://www.reddit.com/r/conspiracy/comments/acly8d/here_is_a_full_list_of_all_40_currentlyserving_us/	Anonymous	January 4, 2019
dual loyalty	antisemitic	stereotype-based descriptor	Formal/Offline	"""I think Jewish people that vote for a Democrat — I think it shows either a total lack of knowledge or great disloyalty."""	https://thehill.com/homenews/administration/458135-trump-jews-that-vote-democrat-show-lack-of-knowledge-or-great/	Donald Trump	August 20, 2019
Durden	transphobic	arbitrary target group label	Informal/Online	"""America is in the throes of a cultural and political war over gender ideology, featuring high-profile conflicts over everything from school curricula to athletics to pronouns. Durden"""	http://web.archive.org/web/20221130233939/https://twitter.com/ahf77118198/status/1586411948199272448	Anonymous	October 29, 2022
early life	antisemitic	stereotype-based descriptor	Informal/Online	"""1.) See the creepiest & cringiest tweet of the day
2.) Find their wikipedia
3.) Go to Early Life section
Almost always the same results. As someone intrigued by patterns (no hate here), it truly is fascinating."""	http://web.archive.org/web/20221004082842/https://twitter.com/LegendaryEnergy/status/1576986230012510208	An0maly (Youtuber and musician)	October 3, 2022
economic anxiety	racist	concept (values)	Formal/Offline	"""Second, economic anxiety. Most Americans know someone who has gotten hammered in the marketplace. Most Americans do not have much money in the bank. Do the math. Trump says, he will punish concerns that steal American jobs and are unfair on the trade front. """	https://www.foxnews.com/transcript/bill-oreilly-why-the-voters-are-propelling-donald-trump	Bill O'Reilly (Host of Fox News show The O'Reilly Factor)	April 27, 2016
election integrity	racist	concept (values)	Formal/Offline	"""I fiercely supported President Donald Trump during his bid for re-election. I stood with the President in Duluth, Bemidji, Mankato and the Twin Cities because, like me, he understands and fights for our way of life. I share many of my constituents' disappointment with this election. I have serious concerns over election integrity and the significant, widespread abuses in our electoral system that have gone unchecked in many states and cities for decades."""	https://stauber.house.gov/media/press-releases/stauber-statement-joint-session-congress	Pete Stauber (Minnesota Representative)	January 6, 2021
entitlement programs	racist	concept (policy)	Formal/Offline	"""President Obama sees America differently. He believes in an entitlement society...Even if we could afford the ever-expanding payments, an ""entitlement society"" is a fundamental corruption of the American spirit. The battle we face today is more than a fight over our budget, it’s a battle for America’s soul. We can’t begin to answer the question of who should be our next President until we start asking ourselves, ""Who are we as Americans, and what kind of America do we want for our children?"" I know that my answers to those questions are very different than those of the current President of the United States...He pushed through ObamaCare, an entitlement program we didn’t want and can’t afford. He’s refused to advance a responsible plan to strengthen existing entitlements. """	https://www.americanrhetoric.com/speeches/mittromneyentitlementsociety.htm	Mitt Romney (2012 Republican Presidential Nominee)	December 20, 2011
entitlement spending	racist	concept (policy)	Formal/Offline	"""Over the past decades we've talked of curtailing government spending so that we can then lower the tax burden. Sometimes we've even taken a run at doing that. But there were always those who told us that taxes couldn't be cut until spending was reduced. Well, you know, we can lecture our children about extravagance until we run out of voice and breath. Or we can cure their extravagance by simply reducing their allowance...We must increase productivity. That means making it possible for industry to modernize and make use of the technology which we ourselves invented. That means putting Americans back to work. And that means above all bringing government spending back within government revenues, which is the only way, together with increased productivity, that we can reduce and, yes, eliminate inflation."""	https://www.reaganlibrary.gov/archives/speech/address-nation-economy-february-1981	Ronald Reagan	February 5, 1981
erasing women	transphobic	concept (values)	Formal/Offline	"""Gender activists have pushed a sweeping piece of legislation—the misnamed Equality Act—which would enshrine their views in civil rights law. But as they work toward that goal, activists are focused on erasing women incrementally by slipping the same kind of language into bills moving through Congress now.
"""	http://web.archive.org/web/20221114212322/https://www.washingtontimes.com/news/2021/oct/12/the-erasure-of-women-is-escalating/	Jay W. Richards and Jared Deckert (researchers at the Heritage Foundation, a conservative think tank)	October 12, 2021
every single time	white supremacist	stereotype-based descriptor	Informal/Online	"""Every single time. This Tribe has nearly toppled The West. Most expelled people in human history. Epstein. Fried. Madoff. Weinstein. Biden's cabinet. Central Banks. Convid. 9/11. Now go back 4000 years. Kanye is right"""	https://twitter.com/SonofTheWest35/status/1597243276368625664	Anonymous	November 28, 2022
FAFO	white supremacist	persona signal (symbol)	Informal/Online	"""#fafo then they act surprised every single time. [Link to video of a car running over a person]
"""	https://twitter.com/SteveInmanUIC/status/1336209512747831296	Steve Inman (sports commentator)	December 8, 2020
family values	homophobic	concept (values)	Formal/Offline	"""As modern life brings changes in our society, it also puts stresses on families trying to adjust to new realities while maintaining cherished values. Economic uncertainty, unemployment, housing difficulties, women's and men's concerns with their changing and often conflicting roles, high divorce rates, threatened neighborhoods and schools, and public scandal all create a hostile atmosphere that erodes family structures and family values. Thus it is imperative that our government's programs, actions, officials and social welfare institutions never be allowed to jeopardize the family. We fear the government may be powerful enough to destroy our families; we know that it is not powerful enough to replace them."""	https://www.presidency.ucsb.edu/documents/republican-party-platform-1976	Republican Party	August 18, 1976
fatherless	racist	stereotype-based descriptor	Formal/Offline	"""And you look across the board at things like the fact that, you know, we have the dissolution of the family in so many respects. We have fatherless children on the rise in America. We have the loss of religion in so many aspects of our country, where it was a foundation of our country at one time. You can't discount the rise of social media and the role that that has played in things like this."""	https://www.mediamatters.org/fox-news/fox-news-contributor-blames-fatherless-children-and-loss-religion-mass-school-shootings	Lara Trump (Fox contributor)	May 25, 2022
Federal Reserve	antisemitic	representative (Bogeyman)	Formal/Offline	"""The biggest scam that they have, the biggest con, is not just the appropriations process and how they fund it, it's the Federal Reserve...That's where we have these insane bills of trillians of dollars because the Federal Reserve will float money. The Federal Reserve is not owned by the American people...We need to end the Federal Reserve. The Federal Reserve as usurped its power and the power of the American people and our elective representives. No. They do not have the consent of the American people, we will not comply, and it must be ended...The American people will control their own bank in their own currency. We are at war."""	https://www.c-span.org/video/?522199-1/conservative-political-action-conference-steve-bannon-seth-dillon	Steve Bannon	August 5, 2022
fellow white people	antisemitic	stereotype-based target group label	Informal/Online	"""Why are jews now saying they arent white in order to claim a status of victimhood? For years, i kept seeing them refer to europeans as ""fellow white people"" when they wanted to fight our supposedly privilege. What changed?
#TheNoticing"""	http://web.archive.org/web/20221201222643/https://twitter.com/Rhinophobe1488/status/1586042974047457280	Anonymous	October 28, 2022
fishbucket	anti-LGBTQ	arbitrary target group label	Informal/Online	"""Police are awesome! I fully support them beating up butterflies, fishbuckets, durdens and witches such as yourself 🌝"""	https://twitter.com/Dia6olo1/status/1278292276167483393	Anonymous	July 1, 2020
food stamp president	racist	representative (Bogeyman)	Formal/Offline	"""
[Video from speech in Georgia] REP. GINGRICH: You want to be a country that creates food stamps, in which case frankly Obama's is an enormous success. The most successful food stamp president in American history. Or do you want to be a country that creates paychecks?
MR. GREGORY: First of all, you gave a speech in Georgia with language a lot of people think could be coded racially-tinged language, calling the president, the first black president, a food stamp president.
REP. GINGRICH: Oh, come on, David.
MR. GREGORY: What did you mean? What was the point?
REP. GINGRICH: That's, that's bizarre. That--this kind of automatic reference to racism, this is the president of the United States. The president of the United States has to be held accountable. Now, the idea that--and what I said is factually true. Forty-seven million Americans are on food stamps. One out of every six Americans is on food stamps. And to hide behind the charge of racism? I have--I have never said anything about President Obama which is racist."""	https://www.nbcnews.com/id/wbna43022759	Newt Gingrich (Former Georgia representative and House Speaker)	May 15, 2011
food stamps	racist	concept (policy)	Formal/Offline	"""To my good friend, my good liberal friend here, the SNAP program, it's not called food stamps anymore. It's called SNAP -- supplemental what? And nutrition. What about liquor, lap dances, and pot is nutritional?"""	https://www.foxnews.com/transcript/does-obama-care-more-about-entitlements-than-us-military.amp	Eric Bolling (co-host of The Five on Fox News)	February 25, 2014
forced busing	racist	concept (policy)	Formal/Offline	"""Quality has declined as federal intervention has increased. Nothing has created more bitterness, for example, than forced busing to achieve racial balance. It was born of a hope that we could increase understanding and reduce prejudice and antagonism. And Im sure we all approved of that goal. But busing has failed to achieve the goal. Instead, it has increased the bitterness and animosity it was supposed to reduce. Californias Superintendent of Public Instruction, Wilson Riles (himself a Black), says The concept that Black children cant learn unless they are sitting with white children is utter and complete nonsense. Well, I agree. The money now being wasted on this social experiment could be better spent to provide the kind of school facilities every child deserves. Forced busing should be ended by legislation if possible by constitutional amendment if necessary. And, control of education should be returned to local school districts."""	https://www.reaganlibrary.gov/archives/speech/restore-america	Ronald Reagan	March 31, 1976
forced diversity	racist	concept (policy)	Formal/Offline	"""are you kidding? And why the hell you need diversity in EVERY SINGLE MOVIE?! Even if this is baes on novel? Why force it? And There was Samuel L. Jackson so it´s not like there was noone...
You dont need FORCED diversity in every single movie even in movies and stories where it just doesn´t make any sense (norse gods being black.. ?). Would you dare to cast some african tribe god as white man? Would you call for diversity in there? Would you need diversity in their stories, or cast a white man as chief or something?"""	http://web.archive.org/web/20221202202141/https://www.reddit.com/r/movies/comments/55cnmo/tim_burtons_latest_film_doesnt_just_lack/	Anonymous	October 1, 2016
free helicopter rides	white supremacist	humor/mockery/sarcasm	Informal/Online	"""Free helicopter rides for all communist subversives...
It's only a matter of time before a leader like Pinochet rises up in America to pushback against the godless communist demons destroying the country..."""	http://web.archive.org/web/20221202203845/https://twitter.com/Anti__Globalism/status/1574559213191569410	Anonymous	September 26, 2022
freedom of association	racist	concept (policy)	Formal/Offline	"""It is wrong to compel children to attend schools restricted to members of their own race, however that may be defined. It is also wrong to forbid children to attend schools restricted to members of another race. I condemn that sort of segregation because it is compulsory.
There is another way that people may separate and distinguish themselves from each other. Far from being compulsory, it is the necessary result of freedom-the freedom of association.
Throughout this land of ours, we find people forming churches, clubs, and neighborhoods with other families of similar beliefs, similar tastes, and similar ethnic backgrounds. No one would think of insisting that neighborhoods be ""integrated"" with fixed proportions of Anglo-Americans, German-Americans, Swedish-Americans-or of Catholics, Protestants, and Jews.
To me, it is wrong to take some children out of the schools they would normally attend and bus them to others-just to get a mixture of ethnic and racial groups that somebody thinks is desirable. This forced integration is just as wrong as forced segregation."""	http://web.archive.org/web/20221202204009/https://prism.lib.asu.edu/_flysystem/fedora/c332/FM_MSS1_136_3.pdf	Barry Goldwater (Republican presidential candidate)	October 16, 1964
fren	white supremacist	humor/mockery/sarcasm	Informal/Online	"""I was trying to take a Twitter break but how can I when Nick Fuentes is now best frens with the greatest artist of all time Ye (AKA Kanye West)??? This is the biggest groyper W times 6 million‼️"""	http://web.archive.org/web/20221202211312/https://twitter.com/_XApeiron_/status/1595559919176093698	Anonymous	November 23, 2022
frog emoji	white supremacist	persona signal (symbol)	Informal/Online	"""I'd like to take a moment to say, the media declaring Biden winner means nothing. They said Trump colluded with Russia too. How true was THAT? Don't let the fuckers get you down, we're in as strong a position as is possible. We won. Now we just have to prove it. 🐸👌"""	https://twitter.com/JackSutter/status/1325155604768305152	Anonymous	November 7, 2020
gangbanger	racist	stereotype-based target group label	Formal/Offline	"""This gangbanger was on probation for a prior charge & shot an NYPD officer in the leg. Now, the charges against him were dropped!? We must back the blue & put the safety of law-abiding NYers before criminals. NY's streets will never be secure if criminals & cop shooters go free. [Quote Tweet of NYPost, ""Charges dropped against teen rapper accused of shooting NYPD officer"" with mugshot of a Black man]"""	http://web.archive.org/web/20220521152517/https://twitter.com/EspositoforNY/status/1528034103064465411	Alison Esposito (former New York Lieutenant Governor candidate	May 21, 2022
gender abolition	transphobic	concept (values)	Formal/Offline	"""We’re supposed to be shattering the boxes society puts us in, not trying to hop in our neighbor’s box.
Embrace your sex, abolish gender, liberate yourself. Let’s go!"""	http://web.archive.org/web/20221202221617/https://twitter.com/SophieXY44/status/1275991206598754304	Anonymous	June 24, 2020
gender abolitionist	transphobic	persona signal (self-referential)	Formal/Offline	"""A reminder as to why I have never described myself as 'gender critical' (so please don't put that label on me...) Why? As an example, I am a secularist, and say I don't believe in God. I would not say I am 'God critical'. I am a gender abolitionist. I don't believe in it"""	http://web.archive.org/web/20220406111624/https://twitter.com/bindelj/status/1511663871060320261	Julie Bindel (writer)	April 6, 2022
gender critical	transphobic	persona signal (self-referential)	Formal/Offline	"""Political parties seeking to appease the loudest voices in this debate are ignoring women’s concerns at their peril. In the UK, women are reaching out to each other across party lines, concerned about the erosion of their hard-won rights and widespread intimidation. None of the gender critical women I’ve talked to hates trans people; on the contrary. Many of them became interested in this issue in the first place out of concern for trans youth, and they’re hugely sympathetic towards trans adults who simply want to live their lives, but who’re facing a backlash for a brand of activism they don’t endorse."""	http://web.archive.org/web/20221202145551/https://www.jkrowling.com/opinions/j-k-rowling-writes-about-her-reasons-for-speaking-out-on-sex-and-gender-issues/	J.K. Rowling	June 10, 2020
gender fandom	transphobic	concept (other)	Informal/Online	"""people in the gender fandom are so attention starved everything they do is just to signal to people that they’re so unique and different bc they have nothing else to offer. they hate themselves and they hate that they’re normies with no real problems cause no one gaf about them"""	http://web.archive.org/web/20220826122125/https://twitter.com/terfology/status/1563120553686609921	Anonymous	August 26, 2022
gender ideology	transphobic	concept (other)	Formal/Offline	"""Equally disturbing is the likelihood that your department will weaponize Title IX to force a radical gender ideology in K-12 classrooms. A number of troubling incidents suggest how your interpretation of Title IX could erode women’s rights, free-speech rights, parental rights, and children’s safety and innocence"""	https://www.cotton.senate.gov/news/press-releases/cotton-colleagues-demand-answers-about-bidens-proposed-title-ix-gender-identity-rule-in-schools	Senators Tom Cotton (R-Arkansas), Ted Cruz (R-Texas), Marsha Blackburn (R-Tennessee), Josh Hawley (R-Missouri), Mike Lee (R-Utah), and Marco Rubio (R-Florida)	July 28, 2022
gender skeptical	transphobic	persona signal (self-referential)	Formal/Offline	"""Looks like she went into it believing JKR had said troubling things, & started w/ the belief that trans activism is about being kind/ending bigotry. She learned that the issues were FAR more complex. Trans activism harms dysphoric/trans ppl far more than any gender skeptic could."""	http://web.archive.org/web/20221202223203/https://twitter.com/Alex37731/status/1595783961929719808	Anonymous	November 24, 2022
gender socialization	transphobic	concept (other)	Formal/Offline	"""Yeah, not exactly. You don’t speak for women. You were socialized as male. I don’t hate you or deny your existence, I just don’t appreciate biological males taking over female spaces, voices and pretending they speak for female experiences."""	http://web.archive.org/web/20221208043618/https://twitter.com/terfyterferson/status/1007794211054374912	Anonymous	June 15, 2018
genderfree	transphobic	persona signal (self-referential)	Informal/Online	"""I am also joining the hordes coming out as #genderfree. For too long we have been oppressed with society’s sexist norms and values. Don’t you dare question my identity or my existence."""	http://web.archive.org/web/20221208044530/https://twitter.com/LilyLilyMaynard/status/1115722877796483073	Lily Maynard (Blogger)	April 9, 2019
genderist	transphobic	stereotype-based target group label	Informal/Online	"""The absolute nerve of Jeremy Vine and Owen Jones discussing male violence on women. Both of them are on the genderist bandwagon and no longer appear to know what a woman is. Using a woman's murder for views is abhorrent when it's attitudes like theirs that create problems for us."""	http://web.archive.org/web/20220518181354/https://twitter.com/SoniaPoulton/status/1441347036914196484	Sonia Poulton (Journalist)	September 24, 2021
George Soros	antisemitic	representative (Bogeyman)	Formal/Offline	"""“He is pushing an agenda and his agenda is sexual in nature, his agenda is liberal, and not what Americans need...It’s not our American culture. Soros comes from another world that I don’t identify with.”"""	https://www.jta.org/2017/12/05/politics/roy-moore-suggests-george-soros-is-headed-for-hell	Roy Moore	December 4, 2017
ghetto	racist	stereotype-based descriptor	Formal/Offline	"""And we’re going to work on our g-ghettos, are so–The– you take a look at what’s going on, whether you have pockets of, areas of land where you have the inner cities and you have so many things, so many problems. So many horrible, horrible problems...The violence. The death. The lack of education. No jobs. We’re going to work with the African-American community and we’re going to solve the problem of the inner city."""	https://edition.cnn.com/2016/10/27/politics/donald-trump-ghettos-african-americans/index.html	Donald Trump	October 27, 2016
gibsmedat	racist	stereotype-based descriptor	Informal/Online	"""Das Kapital in a Nutshell. [Following text superimposed on image of Karl Marx] ""Gib me dat for free -Hungry Santa"""""	http://web.archive.org/web/20221111061819/https://twitter.com/elonmusk/status/1287824348460593154	Elon Musk	June 27, 2020
global elite	antisemitic	stereotype-based target group label	Formal/Offline	"""The lockdowns was a scam to transfer wealth from you - To the global elites
"""	http://web.archive.org/web/20221226211422/https://twitter.com/PeterSweden7/status/1596466787335512064	Peter Imanuelsen (aka Peter Sweden, far-right activist and self-proclaimed Swedish journalist)	November 26, 2022
globalism	antisemitic	stereotype-based descriptor	Formal/Offline	"""Domestic manufacturing once supported millions of American men with good wages, who in turn started and supported families. Now that industry lies all but dead on the altar of globalism. """	https://www.hawley.senate.gov/senator-hawley-delivers-national-conservatism-keynote-lefts-attack-men-america	Josh Hawley (Missouri Senator)	November 1, 2021
globalist	antisemitic	stereotype-based target group label	Formal/Offline	"""Biden's a servant of the wealthy donors and globalists and special interests who got rich bleeding America dry, taking your jobs from North Carolina and every other place and moving them out of the country"""	https://www.rev.com/blog/transcripts/donald-trump-campaign-rally-greenville-nc-transcript-october-15	Donald Trump	October 15, 2020
Goody	transphobic	persona signal (self-referential)	Informal/Online	"""You’re still following me, Jennifer. Be sure to publicly repent of your association with Goody Rowling before unfollowing and volunteer to operate the ducking stool next time, as penance."""	https://twitter.com/jk_rowling/status/1280834668552769536	JK Rowling	July 8, 2020
Google	racist	arbitrary target group label	Informal/Online	"""Kill the Googles, gas the Skypes."""	https://twitter.com/AllThingTumblrs/status/783613208368189440	Anonymous	October 5, 2016
government handout	racist	concept (policy)	Formal/Offline	"""Without a single Republican vote, Democrats authorized 87,000 more IRS agents – doubling the size of the agency – all to pull as many dollars as they can away from hardworking families and small businesses so they can fund liberal projects and appease their radical base with more government handouts."""	https://www.rickscott.senate.gov/2022/9/video-release-sen-rick-scott-senate-democrats-double-down-on-supersizing-irs-to-target-families-businesses	Rick Scott (Florida Senator)	September 7, 2022
goy	antisemitic	persona signal (self-referential)	Informal/Online	"""What he meant to say is that the Anti-Ukraine Right is anti-Jewish, since the Jews created this war. Kristol loves wars where the goyim die serving Jewish interests."""	http://web.archive.org/web/20221224210500/https://twitter.com/EMichaelJones1/status/1606006371928838144	E. Michael Jones (Catholic traditionalist author)	December 22, 2022
groomers	anti-LGBTQ	stereotype-based target group label	Formal/Offline	"""I have bad news for all the groomers and enablers—
By the time I am done reporting on these “all ages” and “family friendly” drag shows in TX, they’re going to be illegal, and there is nothing you can do about it."""	https://twitter.com/TaylerUSA/status/1604148444829999106	Tayler Hansen (Independent journalist)	December 17, 2022
grooming	anti-LGBTQ	concept (other)	Formal/Offline	"""The bill that liberals inaccurately call ""Don't Say Gay"" would be more accurately described as an Anti-Grooming bill. If you're against the Anti-Grooming Bill, you are probably a groomer or at least you don't denounce the grooming of 4-8 year old children. Silence is complicity. This is how it works, Democrats, and I didn't make the rules"""	http://web.archive.org/web/20221224114954/https://twitter.com/ChristinaPushaw/status/1499886619259777029	Christina Pushaw (Florida Gov. Ron DeSantis's press secretary)	March 4, 2022
welfare reform	racist	concept (policy)	Formal/Offline	"""In 1996, President Clinton and a bipartisan Congress helped end welfare as we know it by requiring work for welfare. But on July 12, President Obama quietly announced a plan to gut welfare reform by dropping the work requirement. Under Obama’s plan, you wouldn’t have to work and wouldn’t have to train for a job. They just send you a welfare check. And welfare-to-work goes back to being plain old welfare. Mitt Romney will restore the work requirement because it works."""	https://archive.nytimes.com/campaignstops.blogs.nytimes.com/2012/08/27/making-the-election-about-race/	Mitt Romney (2012 Republican Presidential Nominee)	August 7, 2012
hard-working Americans	racist	persona signal (self-referential)	Formal/Offline	"""We must bring the truth directly to hard-working Americans who want to take our country back. #BigLeagueTruth"""	https://www.presidency.ucsb.edu/documents/tweets-october-3-2016	Donald Trump	October 3, 2016
he wuz a good boy	racist	stereotype-based descriptor	Informal/Online	"""Fking animals all of them!! And if they woulda got shot... ""He wuz a good boy"""""	http://web.archive.org/web/20220622020754/https://twitter.com/MenegalliMaria/status/1539426065998921730	Anonymous	June 21, 2022
health freedom	anti-vax	concept (values)	Formal/Offline	"""The Daily Wire has officially filed a lawsuit against the Biden Administration to challenge its tyrannical vaccine mandate. We are fighting for the medical freedom of all American citizens. Help us reach our signatures goal and tell Biden, “NO vaccine mandates.” Sign the petition today."""	https://www.facebook.com/ads/library/?id=339163528016563	Candace Owens	December 2, 2021
healthy tissue	anti-vax	stereotype-based descriptor	Formal/Offline	"""The essential demand for distressed gender incongruent youth is not a pathway to irreversible surgery on healthy tissue.
It is for a universal, well resourced and accessible CAMHS, with direct access from primary care, social services, criminal justice and education services."""	http://web.archive.org/web/20221225021256/https://twitter.com/Lachlan_Edi/status/1562713720719298561	Lachlan Stuart (UK Labour policy adviser)	August 25, 2022
Hollywood elite	antisemitic	stereotype-based target group label	Formal/Offline	"""Hollywood elites continue to do everything they can to support Radical Raphael and Jon Ossoff, as the cast of Whose Line Is It Anyway? hosts a virtual fundraiser for Georgia’s radical liberal Democrat candidates for Senate.
Just today, the San Francisco Chronicle reported: “Nearly 80% of the money raised in the fall campaign for Warnock, the Democrat running against Loeffler, came from outside Georgia. And again tonight, coastal elites will inject themselves into the Georgia runoffs to ensure Chuck Schumer and Nancy Pelosi remain in power."""	https://www.facebook.com/GAGOP/photos/a.10150127909763714/10159261841038714/	Georgia Republican Party	November 16, 2020
Holocauster	antisemitic	stereotype-based target group label	Informal/Online	"""Sorry to any true victims who aren't being taken care of but this is a huge fund and griping for more sounds like Holocauster's who can never get enough $$$$"""	http://web.archive.org/web/20221225023323/https://twitter.com/Strom41661477/status/1436291940165713923	Anonymous	September 10, 2021
hygienic	transphobic	stereotype-based descriptor	Informal/Online	"""I’m sure the older people, especially Alzheimer’s sufferers, will be thrilled to have this technicolour berk waving his pronouns & proclivities in their faces.
Rather know whether he has had the Covid vaccine tbh.
Functional, not to mention hygienic, uniforms in work surely?"""	http://web.archive.org/web/20210301123506/https://twitter.com/DipBrig11/status/1366364792563335173	Anonymous	March 1, 2021
I have finished the race, I have kept the faith	religious	persona signal (shared culture)	Formal/Offline	"""Let us be sure that those who come after will say of us in our time, that in our time we did everything that could be done. We finished the race; we kept them free; we kept the faith. """	https://www.presidency.ucsb.edu/documents/address-before-joint-session-the-congress-the-state-the-union-4	Ronald Reagan	January 25, 1984
I Love J.K. Rowling	transphobic	persona signal (shared culture)	Informal/Online	"""#IStandWithJKRowling because she wrote a series of books that made readers out of millions of children and adolescents.
And she has every right to express her opinion on cultural matters.
And because she's right about them."""	http://web.archive.org/web/20220830210137/https://twitter.com/CaitlinPacific/status/1564432155161137152	Caitlin Flanagan (writer)	August 29, 2022
identify as	transphobic	humor/mockery/sarcasm	Informal/Online	"""You can identify as a VW Golf for all I care, makes no odds to me. Doesn't make you a VW Golf, though."""	http://web.archive.org/web/20221225104212/https://www.reddit.com/r/askgaybros/comments/s3nqxs/do_you_believe_the_non_binary_label_is_real_and/	Anonymous	January 14, 2022
identitarianism	white supremacist	persona signal (self-referential)	Formal/Offline	"""The reaction to my latest video is baffling. There are apparently hundreds of MAGApedes who have been following me for years who have only just worked out I am an identitarian."""	https://twitter.com/wayotworld/status/1160254734672027648	Anonymous	August 10, 2019
illegal aliens	anti-Latino	stereotype-based target group label	Formal/Offline	"""We have many criminal illegal aliens. When we want to send them back to their country, their country says we don't want them. In some cases, they're murderers, drug lords, drug problems."""	https://www.politico.com/story/2016/09/full-transcript-first-2016-presidential-debate-228761	Donald Trump	September 27, 2016
illegal immigrant	anti-Latino	stereotype-based target group label	Formal/Offline	"""My question to you is what’s more important social programs for Americans, public schools for Americans or illegals who come here and need English as a second language. Need to be given public school. Need to be given tutoring help. Maybe need social programs to prop them up...It’s not just our border cities. They dump these illegals...in working-class areas without telling mayors or governors. Next thing you know you are sitting there and your kids come home and from school and there’s 10 extra kids in the school and they don’t speak English. """	https://www.thedailybeast.com/fox-and-friends-host-brian-kilmeade-warns-your-children-will-go-to-school-with-illegals-who-dont-speak-english	Brian Kilmeade (co-host of Fox News program Fox & Friends)	April 2, 2019
Illuminati	antisemitic	stereotype-based target group label	Formal/Offline	"""This motion also sets aside, in a new parliamentary Session, the Standing Orders that apply in relation to the presentation of private Members’ Bills. The motion would allow a designated Member—or a few of the Illuminati who are taking the powers to themselves—to give notice of the presentation of this Bill on the first day of a new Session and then provide time for debate on this Bill on the second day of the new Session, interrupting the Queen’s Speech debate."""	https://hansard.parliament.uk/commons/2019-09-03/debates/C4B0BE00-2E57-4FA4-8958-CD6F37711635/EuropeanUnion(Withdrawal	Jacob Rees-Mogg (UK Member of Parliament)	September 3, 2019
implicit bias	liberal	concept (other)	Formal/Offline	"""I think implicit bias is a problem for everyone, not just police. I think unfortunately, too many of us in our great country, um, jump to conclusions about each other. And therefore, I think we need all of us to be asking hard questions about, you know, Why am I feeling this way? But when it comes to policing, since it can have, literally, fatal consequences, I have said in my first budget, we would put money into that budget to help us deal with implicit bias by retraining a lot of our police officers. I’ve met with a group of very distinguished, experienced police chiefs a few weeks ago. They admit it’s an issue. They’ve got a lot of concerns."""	https://www.politico.com/story/2016/09/full-transcript-first-2016-presidential-debate-228761	Hillary Clinton	September 27, 2016
inner city	racist	stereotype-based descriptor	Formal/Offline	"https://www.msnbc.com/politicsnation/ryan-generations-men-not-working-msna284561
https://www.politico.com/story/2016/09/full-transcript-first-2016-presidential-debate-228761 ))
""Today I'd like to speak to you about a gathering crisis in our society: It's a family crisis. To some it's hidden, concealed behind tenement walls or lost in the forgotten streets of our inner cities [Ronald Reagan, 1986, radio address]
We have got this tailspin of culture, in our inner cities in particular, of men not working and just generations of men not even thinking about working or learning the value and the culture of work [Paul Ryan, 2014, radio interview]
We have a situation where we have our inner cities, African-Americans, Hispanics, are living in hell, because it’s so dangerous... Right now, our police, in many cases, are afraid to do anything. We have to protect our inner cities, because African-American communities are being decimated by crime. [Donald Trump, 2016, presidential debate]"""	"https://www.reaganlibrary.gov/archives/speech/radio-address-nation-welfare-reform 

https://www.msnbc.com/politicsnation/ryan-generations-men-not-working-msna284561 

https://www.politico.com/story/2016/09/full-transcript-first-2016-presidential-debate-228761"	"Ronald Reagan; 
Paul Ryan; 
Donald Trump"	"February 15, 1986;
March 12 2014; 
September 27, 2016"
institution of marriage	homophobic	concept (values)	Formal/Offline	"""As president, I will protect the sanctity of life. I will honor the institution of marriage. And I will guarantee America's first liberty: the freedom of religion."""	https://www.presidency.ucsb.edu/documents/address-accepting-the-presidential-nomination-the-republican-national-convention-tampa	Mitt Romney (2012 Republican Presidential Nominee)	August 30, 2012
intact	transphobic	stereotype-based target group label	Informal/Online	"""Interesting seeing talk online about how extreme my position is from people defending a fully intact male taking women's swim medals and an aggressive man with a beard speaking about 'womanhood' at a herstory festival. I'm not sure I'm the one who's been radicalised."""	https://twitter.com/millihill/status/1505791342043148288	Milli Hill (author)	March 20, 2022
international bankers	antisemitic	stereotype-based target group label	Formal/Offline	"""We've seen this first hand in the Wikileaks documents, in which Hillary Clinton meets in secret with international banks, to plot the destruction of U.S. sovereignty in order to enrich these global interest powers, her special interest friends, and her donors."""	https://www.presidency.ucsb.edu/documents/remarks-the-south-florida-fair-expo-center-west-palm-beach-florida	Donald Trump	October 13, 2016
Islamic extremism	Islamophobic	concept (other)	Formal/Offline	"https://theintercept.com/2017/05/22/white-house-blames-exhaustion-for-donald-trumps-islamic-terrorism-dog-whistle-in-saudi-arabia/ ))
""There is still much work to be done. That means honestly confronting the crisis of Islamic extremism and the Islamists and Islamic terror of all kinds."""	"https://www.cnn.com/2017/05/22/politics/trump-islamic-islamist

https://theintercept.com/2017/05/22/white-house-blames-exhaustion-for-donald-trumps-islamic-terrorism-dog-whistle-in-saudi-arabia/"	Donald Trump	May 21, 2017
Islamic extremists	Islamophobic	stereotype-based target group label	Formal/Offline	"""Don’t worry guys our intelligence and federal law enforcement may be too busy to monitor foreign Islamic extremists, but rest assured if your grandmother took a selfie somewhere within 1500 miles of D.C. on J6 they’re watching her closely if she hasn’t been arrested already"""	https://web.archive.org/web/20220720085515/https://twitter.com/DonaldJTrumpJr/status/1482840727679873030	Donald Trump Jr	January 16, 2022
Islamic terrorism	Islamophobic	concept (other)	Formal/Offline	"""Hillary Clinton's catastrophic immigration plan will bring vastly more radical Islamic immigration into this country, threatening not only our society but our entire way of life. When it comes to radical Islamic terrorism, ignorance is not bliss. It's deadly — totally deadly"""	https://web.archive.org/web/20220217141452/https://www.washingtonpost.com/news/post-politics/wp/2017/05/20/i-think-islam-hates-us-a-timeline-of-trumps-comments-about-islam-and-muslims/	Donald Trump	June 13, 2016
Islamic terrorists	Islamophobic	stereotype-based target group label	Formal/Offline	"""#fakenewsalert I said “end those Muslims” referring only to the radical Islamic terrorists who had killed 14 in CA the day before in 2015. And you deleted the last part of my quote “before they walk in and kill us”. Please correct your tweet. I was only advocating self defense."""	https://web.archive.org/web/20200820230044/https://twitter.com/JerryFalwellJr/status/1108197637713465345	Jerry Falwell (Liberty University President)	March 19, 2019
Islamists	Islamophobic	stereotype-based target group label	Formal/Offline	"""The radical islamists have 1.3 or more billion muslims to work with. Now they aren't all supporters. Daniel (inaudible) says 10-15% of them, but that is a huge population to draw from. They are all over the world. They're certainly in the United States. They're recruiting fighters for ISIS right out of Minneapolis out of the Somali enclave. And that's going on in other parts of the country too…So they have a network that they flow in. And it isn't that all muslims are a supporter of ISIS but the network that flows through the mosques is certainly the communications centers. We ought to be looking at this dot to dot. And we ought to have people in those mosques watching to see what's going on."""	http://web.archive.org/web/20221127051122/https://www.buzzfeednews.com/article/andrewkaczynski/gop-congressman-spy-on-us-mosques-to-stop-isis-recruitment	Steve King (Iowa Representative)	September 12, 2014
Israel Lobby	antisemitic	concept (other)	Formal/Offline	"""Sometimes i think that the Israel lobby forgets the gypsies and gays that died in the camps in WW2 and it wasn't just about them. """	http://web.archive.org/web/20221226220552/https://twitter.com/Baddiel/status/1458751241174061057	Anonymous	November 11, 2021
it's okay to be white	white supremacist	persona signal (self-referential)	Informal/Online	"""According to TV commercials, 98% of America is black and gay. 🤔
#ItsOkToBeWhite
#WhitePride
Cue the meltdowns… ❄️"""	http://web.archive.org/web/20221226221323/https://twitter.com/Y0L0Jo/status/1587561362267721728	Anonymous	November 1, 2022
job creators	conservative	persona signal (self-referential)	Formal/Offline	"""I think raising taxes on small businesses would be a mistake. It would hurt our economy. I'm running against a fellow who's promised $2.2 trillion in new Federal spending so far, and we haven't even got to the stretch run yet. So they said, ""How are you going to pay for it?"" He said, ""Oh, that's simple. We'll just tax the rich."" You run up the top two brackets of the individual income taxes, you're taxing about a million small businesses here in America. Seventy percent of new jobs in America are created by small businesses, and you're taxing the job creators."""	https://www.presidency.ucsb.edu/documents/remarks-discussion-womens-issues-charlotte-north-carolina	George W. Bush	September 17, 2004
jogger	racist	phonetic-based target group label	Informal/Online	"""Many say the looting is just Joggers wanting free stuff.
I think there's an explicit, revolutionary, anti-White nature.
Essentially they're saying, ""what's yours, White man, is now mine. Your rules? We won't follow.""
The looting is political. Just has nothing to do w/ FIoyd."""	http://web.archive.org/web/20221226224029/https://twitter.com/USARebel1776/status/1266969273181908993	Anonymous	May 31, 2020
Judas	antisemitic	concept (other)	Formal/Offline	"""Shame on the Hollywood Reporter who obviously gave my brother Kareem 30 pieces of silver to cut us down without even a phone call"""	http://web.archive.org/web/20220525210634/https://twitter.com/icecube/status/1283458390790828032	Ice Cube (American rapper)	July 15, 2020
Judeo-Christian	Islamophobic	concept (values)	Formal/Offline	"""We are stopping cold the attacks on Judeo-Christian values...You know, we're getting near that beautiful Christmas season that people don't talk about anymore. They don't use the word ""Christmas"" because it's not politically correct. You go to department stores, and they'll say, ""Happy New Year,"" and they'll say other things. And it will be red, they'll have it painted, but they don't say it. Well, guess what? We're saying ""Merry Christmas"" again."""	https://www.presidency.ucsb.edu/documents/remarks-the-family-research-councils-values-voter-summit	Donald Trump	October 13, 2017
judicial activism	conservative	concept (policy)	Formal/Offline	"""This week, we have twice seen Supreme Court Justices violating their judicial oaths. Yesterday, the Justices re-wrote Obamacare, yet again, in order to force this failed law on the American people. Today, the Court doubled down with a 5-4 opinion that undermines not just the definition of marriage, but the very foundations of our representative form of government. Both decisions were judicial activism, plain and simple. Both were lawless...
The decisions that have deformed our constitutional order and have debased our culture are but symptoms of the disease of liberal judicial activism that has infected our judiciary. A remedy is needed that will restore health to the sick man in our constitutional system."""	https://www.cruz.senate.gov/newsroom/press-releases/sen-cruz-we-must-not-submit-our-constitutional-freedoms-and-the-promise-of-our-nation-to-judicial-tyranny	Ted Cruz (Texas senator)	June 26, 2015
Jwoke	antisemitic	persona signal (self-referential)	Informal/Online	"""It must be soul-destroying work. Playing whack-a-mole on disposable Jwoke accounts achieves nothing in the long run. Once the truth of the JQ is known, it cannot be unknown, so progress is only in one direction. The awakening is moving faster than ever now."""	http://web.archive.org/web/20221227041712/https://twitter.com/Salient_Points/status/1125241747418898432	Anonymous	May 5, 2019
Kalergi Plan	antisemitic	concept (other)	Formal/Offline	"""One thing I do agree with the Kalergi Plan is I think it's real. I think that there are people who think evilly who actually think that they want to get rid of white people. Why do I say that? Because I think it's well evidenced...:My whole point for this: Zionism, Jews taking over the world, the Rothschilds, the Kalergi Plan, the white replacement theology or white replacement theory. I largely agree that all of those things are happening."""	https://www.mediamatters.org/diversity-discrimination/jarrin-jackson-i-largely-agree-anti-miscegenation-and-jews-taking-over	Jarrin Jackson (Oklahoma State Senate Candidate)	September 27, 2021
Kek	white supremacist	persona signal (shared culture)	Informal/Online	"""Kek"""	http://web.archive.org/web/20221226232516/https://twitter.com/elonmusk/status/1607148387799011328	Elon Musk	December 25, 2022
Khazars	antisemitic	stereotype-based target group label	Formal/Offline	"""Jews
Hebrews
Israelites
Ashkenazi 👀
Khazars 👀👀
You get “in trouble” for mentioning the last two. Well….. NOT ANYMORE! Time to study! Mask off! - Uncover every layer!
Can you believe most of our leaders were called “Antisemitic” for pointing this out? 🙄 lol…. Pathetic"""	http://web.archive.org/web/20221227042549/https://twitter.com/RizzaIslam/status/1588661659760893953	Rizza Islam (social media influencer)	November 4, 2022
kosherist	antisemitic	stereotype-based target group label	Informal/Online	"""This entire thread is a good goy joke. Azov and Right Sector are the Kosherist Kippa wearing joke ""Nazis"" who work for people named Nudelman and Kagan the world has ever seen.
Russia will mop them up when the time is right."""	http://web.archive.org/web/20221227045246/https://archive.4plebs.org/pol/thread/138096558/	Anonymous	August 18, 2017
law and order	racist	concept (policy)	Formal/Offline	"2. Private comment on 1968 campaign ad
3. Presidential debate_](https://www.presidency.ucsb.edu/documents/address-accepting-the-presidential-nomination-the-republican-national-convention-miami
http://web.archive.org/web/20201210181709/https://www.washingtonpost.com/outlook/2019/11/03/how-richard-nixon-captured-white-rage-laid-groundwork-donald-trump/
https://www.politico.com/story/2016/09/full-transcript-first-2016-presidential-debate-228761 ))
""And to those who say that law and order is the code word for racism, here is a reply: Our goal is justice – justice for every American. If we are to have respect for law in America, we must have laws that deserve respect. Just as we cannot have progress without order, we cannot have order without progress. [Richard Nixon, 8/8/1968, Republican presidential nomination acceptance speech]
[My campaign ad] hits it right on the nose. It’s all about law and order and the damn N*gro-Puerto Rican groups out there. [Richard Nixon, 1968, private comment in response to campaign ad]
Lester, we need law and order. We need law and order in the inner cities. Because the people that are most affected by what’s happening are African-American and Hispanic people. And it’s very unfair to them what our politicians are allowing to happen. [Donald Trump, 9/27/2016, presidential debate]"""	"https://www.presidency.ucsb.edu/documents/address-accepting-the-presidential-nomination-the-republican-national-convention-miami 

http://web.archive.org/web/20201210181709/https://www.washingtonpost.com/outlook/2019/11/03/how-richard-nixon-captured-white-rage-laid-groundwork-donald-trump/ 

https://www.politico.com/story/2016/09/full-transcript-first-2016-presidential-debate-228761"	Richard Nixon, Donald Trump	"August 8, 1968;
1968; 
September 27, 2016"
lesbian erasure	transphobic	concept (values)	Formal/Offline	"""The trans lobby literally coined the term Cotton Ceiling. Please educate yourself before making these really bad claims. This is lesbian erasure in broad daylight"""	http://web.archive.org/web/20220828022902/https://twitter.com/Martina/status/1563570179665448961	Martina Navratilova (tennis player)	August 27, 2022
lesbophobia	transphobic	concept (values)	Formal/Offline	"""I have accepted an invitation to take part in a cross-party panel at @ALLIANCELGB conference tomorrow & I have no intention of caving into those trying to bully me out of that decision whether for reasons of lesbophobia, homophobia or personal animosity"""	http://web.archive.org/web/20211020162106/https://twitter.com/joannaccherry/status/1450856299940519946	Joanna Cherry (Scottish Member of Parliament)	October 20, 2021
Let's Go Brandon	conservative	persona signal (shared culture)	Informal/Online	"""Now, people are understandably frustrated. Actually, they are very angry, and they are not going to sit back and take it much longer. Instead of the bogus Build Back Better plan and reconciliation plan, you know what they want? They want the Democrats to help put America back where they found it and leave it the hell alone. Let’s go, Brandon. """	https://www.govinfo.gov/content/pkg/CREC-2021-10-21/pdf/CREC-2021-10-21.pdf	Bill Posey (Florida Representative)	October 21, 2021
LGB rights	transphobic	concept (values)	Formal/Offline	"""Builder just asked “what do you write about?”
I explained my main topic of the past 6 years has been the assault on women’s & LGB rights by trans activists.
He immediately understood, because unlike most of those in universities & Parliament he’s neither an idiot nor coward."""	https://twitter.com/jo_bartosch/status/1541338659865198592	Jo Bartosch (journalist)	June 27, 2022
lifelong bachelor	homophobic	stereotype-based target group label	Formal/Offline	"""So lifelong confirmed bachelor Sen. Lindsey Graham of South Carolina, who doesn’t have a girlfriend, doesn’t have a daughter, has never been married and isn’t a medical doctor, somehow believes he is the one to dictate the terms of reproductive health care to millions of American women. I find it odd that a man who has shown so little interest in the fairer sex would be so interested in dictating what they can do with their bodies."""	http://web.archive.org/web/20220928184726/https://www.chicagotribune.com/suburbs/daily-southtown/opinion/ct-sta-speak-out-st-0918-20220916-vlygh65murevfgsznsg7u7bgya-story.html	Anonymous	September 16, 2022
lizard emoji	transphobic	persona signal (symbol)	Informal/Online	"""#detransitioners! 🦎
Have you ever thought about filing a formal complaint with the licensing board of the therapist who provided your “gender-affirming care,” but felt too daunted to complete the process? Fear not. I’ve simplified it for you."""	https://web.archive.org/web/20221126170331/https://twitter.com/sometherapist/status/1584374902148452352	Stephanie Winn (writer and podcast host)	October 23, 2022
loxism	antisemitic	arbitrary target group label	Informal/Online	"""Oh look, the genocidal loxists are denying our existence and culture again whilst gaslighting us that we're the ones who are hateful for not going quietly to our graves"""	http://web.archive.org/web/20220901093238/https://twitter.com/risenrunout/status/1565270773559853056	Anonymous	September 1, 2022
MAGA	white supremacist	concept (policy)	Formal/Offline	"""But when I started this campaign, I started it very strongly. It's called ""Make America Great Again."" We're going to make America great. We have a depleted military. It has to be helped, has to be fixed. We have the greatest people on Earth in our military. We don't take care of our veterans. We take care of illegal immigrants, people that come into the country illegally, better than we take care of our vets. That can't happen.
Our policemen and women are disrespected. We need law and order, but we need justice, too. Our inner cities are a disaster. You get shot walking to the store. They have no education. They have no jobs...We are going to make America strong again, and we are going to make America great again, and it has to start now."""	https://www.presidency.ucsb.edu/documents/presidential-debate-the-university-nevada-las-vegas	Donald Trump	October 19, 2016
magapede	white supremacist	arbitrary target group label	Informal/Online	"""Extremely MAGApede voice: “If Harvey Milk were alive today, he’d be a Trump supporter!”"""	http://web.archive.org/web/20221227062650/https://twitter.com/ScottMGreer/status/1135319956525080579	Scott Greer (writer)	June 2, 2019
majority-minority	racist	stereotype-based descriptor	Formal/Offline	"""After 30 years of multiculturalism, the bonds of racial solidarity trump the bonds of national solidarity. Democrats have a very strong story to tell about what we owe the victims of racism and oppression. They do not have a strong story to tell about what we owe to other Americans, how we define our national borders and what binds us as Americans.
Here’s the central challenge of our age: Over the next few decades, America will become a majority-minority country. It is hard to think of other major nations, down through history, that have managed such a transition and still held together."""	https://www.nytimes.com/2018/11/05/opinion/democrats-midterms-immigration-nation.html	David Brooks (Opinion Columnist)	November 5, 2018
male violence	transphobic	stereotype-based descriptor	Formal/Offline	"""My advice. Don’t justify the unjustifiable. Just say youmade a choice. Picked a side. Decided who was expendable and who was collateral damage. But never tell a survivor of male violence that you feel their pain. Just tell them other things mattered more. And live with your pick."""	http://web.archive.org/web/20221229234415/https://twitter.com/JohannLamont/status/1606097050252165120	Johann Lamont (former Scottish Member of Parliament)	December 22, 2022
male-friendly content	misogynistic	concept (other)	Informal/Online	"""They also have some male-friendly shows, but there do seem to be quite a few shows with an anti-male theme. I think they are just trying to make money at the end of the day, so maybe the best response is to just dislike and not watch the bad ones."""	http://web.archive.org/web/20220814021656/https://www.reddit.com/r/MensRights/comments/wnihmo/comment/ik6xj3e/	Anonymous	August 13, 2022
mass immigration	xenophobic	concept (policy)	Formal/Offline	"""And here’s the thing: when you look at what’s happened at the border, we focus on the criminal aliens, drugs, all that’s very important. But just the sheer number of people overwhelms communities. And this idea of mass immigration, whether it’s illegal immigration or whether it’s just mass immigration through the legal process, like the diversity lottery or chain migration, is not conducive to assimilating people into American society."""	https://americanmind.org/features/florida-versus-davos/	Ron DeSantis (Florida Governor)	September 11, 2022
Medieval European imagery	white supremacist	persona signal (symbol)	Informal/Online	"""Henrik Palmgren 🇸🇪 🐗 ᛟ
Konung @redicetv ᛟ Rus wife, 2 Varangian sons & 1 Valkyrie ᛯ http://t.me/redicetv ⨁ http://odysee.com/@redicetv ⨁ http://bitchute.com/redicetv ⨁ http://redice.eth.xyz ⨁ http://redicemembers.com [Author note: ᛟ is a Norse Runic alphabet letter, ⨁ is a Celtic Cross]"""	http://web.archive.org/web/20221207215041/https://twitter.com/Henrik_Palmgren	Henrik Palmgren (head of white supremacist media company Red Ice)	December 7, 2022
merit-based immigration policy	xenophobic	concept (policy)	Formal/Offline	"""He wants merit-based. That would cut legal immigration by bringing in the best and the brightest. So we don't bring in some guy's uncle from Zimbabwe."""	https://www.salon.com/2018/07/31/fox-news-host-jesse-watters-trump-wants-the-best-immigrants-not-some-guys-uncle-from-zimbabwe/	Jesse Watters (co-host of The Five on Fox News)	July 30, 2018
middle class	racist	persona signal (self-referential)	Formal/Offline	"""The survival of the middle class is the defining struggle of our time. While the millionaires of Washington, Wall Street, and Hollywood thrive, hardworking Americans face stagnant wages, suffocating debt, and rising health care and education costs. As big banks, big pharma, and big government collude to ship jobs overseas, sabotage American farmers, and open up the border, middle-class Americans are being left behind."""	http://web.archive.org/web/20180914060327/https://joshhawley.com/working-tour/	Josh Hawley (Missouri Senator)	September 14, 2018
milk emoji	white supremacist	persona signal (symbol)	Informal/Online	"""GOOD MORNING CHRISTIAN PATRIOTS: a VERY Happy DEUS VULT Friday to ALL of CHRISTENDOM! Ho Ho Ho. Saint Nick Strikes AGAIN! Stop whatever piddling little non-sense you're currently doing, tab over to Google, WHAT pray tell, do you see? WHAT!?! Oh Joy! A CHRISTMAS MIRACLE🎄🥛🎁❤️"""	https://twitter.com/torrellasscott/status/939133508408217600	Anonymous	December 8, 2017
mixed sex	transphobic	stereotype-based descriptor	Formal/Offline	"""If you visit a restaurant, bar etc and you hated the gender neutral or ‘trans inclusive’ toilets - ie ‘mixed sex’ - write a review on TripAdvisor saying so. If the mixed-sex loos put you off visiting again, add that too. Only way to get some people to listen is a negative review"""	http://web.archive.org/web/20221230004138/https://twitter.com/HJoyceGender/status/1548232731896598530	Helen Joyce (Author)	July 16, 2022
multiculturalism	Islamophobic	concept (other)	Formal/Offline	"""Woke-ism, multiculturalism, all the -isms — they're not who America is. They distort our glorious founding and what this country is all about. Our enemies stoke these divisions because they know they make us weaker."""	https://twitter.com/secpompeo/status/1351537398564286466	Mike Pompeo (Former U.S. Secretary of State)	January 19, 2021
my sex is not a costume	transphobic	persona signal (shared culture)	Informal/Online	"""#IREJECTCIS
I am a woman.
My sex is not a costume."""	http://web.archive.org/web/20221230010646/https://twitter.com/1956introvert/status/1366536481804849152	Anonymous	March 1, 2021
neoliberal	liberal	stereotype-based target group label	Formal/Offline	"""You see the rot at the core of the system’s embracing of the neofascist wing of the ruling class, which is Donald Trump and company. And the neoliberal wing of the ruling class, which is Joe Biden and Kamala Harris. The reason some of us argue against Trump, in the form of a vote for a milquetoast, mediocre, centrist Biden — who’s head of a rotten Democratic establishment — is because we’re trying to stop the American march toward fascism. So that was part of the anti-fascist coalition.
"""	https://jacobin.com/2020/12/cornel-west-interview-bernie-black-lives-matter	Cornel West (Professor)	December 3, 2020
New World Order	antisemitic	concept (other)	Formal/Offline	"""This is the future they want for us. This is the “new world order” in it’s pure form.
We cannot allow this kind of stuff to become reality."""	https://twitter.com/laurenboebert/status/1552388784767045633	Lauren Boebert (Colorado Representative)	July 27, 2022
New York elite	antisemitic	stereotype-based target group label	Formal/Offline	"""And now, Joe Biden wants to come for your pocketbooks…. Unless you’re a blue state millionaire.
I’m serious – that’s one of their solutions for the pandemic. They want more money you’re your pocket…going to help Manhattan elites and Hollywood moguls get a tax break."""	https://www.cnn.com/2020/08/24/politics/tim-scott-rnc-speech/index.html	Tim Scott (South Carolina Senator)	August 24, 2020
New York intellectuals	antisemitic	stereotype-based target group label	Formal/Offline	"""If the left wants to know why it's losing influence over great swathes of America, it should imagine a white Rust Belt laborer who just lost his job to a machine being told to check his privilege by a champagne-guzzling New York intellectual who gets paid to express his opinions."""	https://twitter.com/G_S_Bhogal/status/1051633041985167360	Gurwinder Bhogal (writer)	October 14, 2018
New York values	antisemitic	stereotype-based descriptor	Formal/Offline	"""You know, I think most people know exactly what New York values are...everyone understands that the values in New York City are socially liberal or pro-abortion or pro- gay-marriage, focus around money and the media...you know, the concept of New York values is not that complicated to figure out."""	https://www.nytimes.com/2016/01/15/us/politics/transcript-of-republican-presidential-debate.html	Ted Cruz (Texas senator)	January 15, 2016
nibba	racist	phonetic-based target group label	Informal/Online	"""This isnt another ""dindu nuffin bang bang"" situation,
if the media is reporting an explosive device was found, tell me the last time you heard a story where a hood nibba attempted to blow something up lmao"""	https://twitter.com/BasedSchizoPill/status/1513886653265453083	Anonymous	April 12, 2022
non-affirming therapist	transphobic	concept (other)	Formal/Offline	"""A fundamental change is needed in how we treat gender dysphoria, yes. But another equally important change is the need for more non-ideologically captured, non-affirming therapists and doctors to take on the care of those with regret.
Because it is never *just* regret."""	http://web.archive.org/web/20221230235901/https://twitter.com/ImWatson91/status/1566810708335001602	Sinéad Watson (Advisor to Genspect and Gender Dysphoria Alliance)	September 5, 2022
nose check	antisemitic	stereotype-based descriptor	Informal/Online	"""Who is running Ukraine?? 👃👃👃 nose check aisle 5"""	http://web.archive.org/web/20221231001446/https://twitter.com/bo19108231/status/1605651066711904259	Anonymous	December 21, 2022
noticer	antisemitic	persona signal (in-group label)	Informal/Online	"""GREAT video about #TheNoticing featuring Ye, Chappelle, Oprah, Balenciaga, and others.
[Link to video titled Ye Chappelle & The Handlers: Its all connected]"""	http://web.archive.org/web/20221231003140/https://twitter.com/cynthiamckinney/status/1597481227686391809	Cynthia McKinney (Former Georgia Representative)	November 29, 2022
NPC	anti-liberal	arbitrary target group label	Informal/Online	"""If you don’t think there’s at least a tiny chance you’re an NPC … you’re an NPC"""	http://web.archive.org/web/20221230234520/https://twitter.com/elonmusk/status/1608939190548598784	Elon Musk	December 30, 2022
octopus	antisemitic	stereotype-based target group label	Informal/Online	"""Like an octopus. [Commend added to shared link for article headlined ""Flashback: George Soros Financed Hillary Clinton's Recount Lawyer Marc Elias""] """	http://web.archive.org/web/20181122143627/https://twitter.com/BreitbartNews/status/803380016688009220	Breitbart News	November 28, 2016
OK sign emoji	white supremacist	persona signal (symbol)	Informal/Online	"""Non-Whites in America are all choosing to be ""minorities.""
Makes ya think. . . 🤷‍♂️👌"""	https://twitter.com/EuropeanRevolt/status/1557460466762297344	Anonymous	August 10, 2022
open borders for Israel	antisemitic	concept (policy)	Formal/Offline	"""White people don't dominate Hollywood, it's quite another ethnic group who hate White people.
#OpenBordersForIsrael"""	http://web.archive.org/web/20221231005303/https://twitter.com/SerenaJB3/status/1551892027079540736	Anonymous	July 26, 2022
our guy	white supremacist	persona signal (self-referential)	Informal/Online	"""I'm with you 100%. The ONLY good thing I see to come out of this, is that this is the biggest red-pill to normie MAGAS we could ever administer, this is a nuclear blast. We no longer have ""our guy"" in there, and the fraud is naked before us all."""	http://web.archive.org/web/20201105011101/https://twitter.com/readmyramblings/status/1324157132716081153	Anonymous	November 4, 2020
out of wedlock	racist	stereotype-based descriptor	Formal/Offline	"""Unless we do something about that cadre of young people - tens of thousands of them - born out of wedlock, without parents, without supervision, without any structure, without any conscience developing because they literally (I yield myself three more minutes) because they literally have not been socialized. They literally have not had an opportunity. We should focus on them now. Not out of a liberal instinct for love, brother, and humanity - although I think that's a good instinct - but for simple, pragmatic reasons.
If we don't, they will, or a portion of them will, become the predators fifteen years from now - and Madam President, we have predators on our streets, that society has, in fact, in part because of its neglect, created"""	https://www.congress.gov/bound-congressional-record/1993/11/18/139/senate-section/article/30081-30398	Joe Biden	November 18, 1993
overpopulation	racist	concept (policy)	Formal/Offline	"""We know that poverty and overpopulation affect us all.
These threats are insidious. They may take decades to develop. And they respect no borders. Problems that span time and continents can only be solved through coordinated and cooperative global efforts.
From the deserts of Mesopotamia to the jungles of Central America, civilizations of the past, great and small, have been overcome despite the invincibility of their armies. Famine has wiped out entire peoples. Disease has crippled whole nations. Overpopulation has sunk full continents.
"""	https://www.presidency.ucsb.edu/documents/speech-facing-down-the-threats-the-21st-century	Bill Richardson (Former New Mexico governor and 2008 presidential candidate)	October 18, 2007
oy vey	antisemitic	persona signal (shared culture)	Informal/Online	"""Oy Vey Goyim ! Nothing to see here ! Get your third Booster! [Link to video about covid vaccines and myocarditis]
"""	https://web.archive.org/web/20221231140205/https://twitter.com/TurekAndrew/status/1594593867047014400	Anonymous	November 21, 2022
Pajeet	anti-Asian	arbitrary target group label	Informal/Online	"""ah jeez the tiny dicked pajeet micro cap pump & dumper blocked me for making fun of his baby pips tutorial
how am i gonna know which micro cap turbo moons on 0.1 eth liquidity next ?"""	https://web.archive.org/web/20221231142918/https://twitter.com/gainzy222/status/1455491431561302019	Gainzy (Social Media Influencer)	November 2, 2021
parents' right to choose	anti-vax	concept (values)	Formal/Offline	"""This is a vaccine that does not have full scientific testing, there are thousands of proven side effects and long-term effects from people who have taken it, and we do not know for certain the problems it could possibly cause children down the road. At its core, this is an issue of parental choice, and in every case, I will side with our parents to make decisions for their children that align with their beliefs. I will not stand by and allow any state agency to interfere with our parents’ right to choose what’s best for their children."""	https://www.wvnews.com/news/wvnews/west-virginia-sen-tarr-questions-covid-vaccine-safety-joins-senate-president-blair-in-opposition-of/article_c470fcca-514a-11ed-bfb3-9be1e4704c88.html	Eric Tarr (West Virginia State Senator)	October 21, 2022
Pepe the Frog	white supremacist	persona signal (symbol)	Informal/Online	"""KEK boys. Seek your 4chan. Don't stay in the underworld. Author your future. Code PEPE. Free 4 U 4 1 wk."""	https://web.archive.org/web/20220720215529/https://twitter.com/jordanbpeterson/status/851464151708950528	Jordan Peterson	April 10, 2017
personal responsibility	racist	concept (values)	Formal/Offline	"""As we offer opportunity, we must also demand responsibility. The problems of our society will only be solved if there is an upsurge of personal responsibility, if individuals take it upon themselves to meet their obligations, do the right thing, and give something back to those around them.
No area cries out for greater personal responsibility than the quiet crisis of child support. No one should be able to escape responsibility for bringing a child into the world. That is our first and most fundamental duty. But today, too many fathers have tried to walk away from that obligation. """	https://www.presidency.ucsb.edu/documents/the-presidents-radio-address-288	Bill Clinton	September 28, 1996
physical removal	white supremacist	concept (other)	Formal/Offline	"""Bruh, this crazy old guy is on my flight talking about the 1% and free college tuition, so I had to show him my physical removal shirt [Followed by selfie on a plane with Bernie Sanders in the background]
"""	https://web.archive.org/web/20220730013042/https://twitter.com/Ballsagna925/status/1553190937433706496	Joshua Smith (Youtuber/Podcaster)	July 29, 2022
pilpul	antisemitic	concept (other)	Informal/Online	"""You are obviously a Jew yourself. This is classic pilpul. I will not dignify your lies with direct rebuttals."""	https://web.archive.org/web/20200820020317/https://twitter.com/SSailor67/status/1296266111122468864	Anonymous	August 19, 2020
pine tree emoji	white supremacist	persona signal (symbol)	Informal/Online	"""Good Morning America! And all our brothers and sisters around the world!
All My Relations
🙏🦅🌲🇺🇲"""	https://twitter.com/ShawnPuebla/status/1556605721206071299	Anonymous	August 8, 2022
poisoning the well	antisemitic	concept (other)	Formal/Offline	"""In fact, as you just heard Tiffany say, white people are a mortal danger to you and your loved ones. They threaten your life. Are they poisoning the well or baking bread with the blood of your children? If not, according to Tiffany Cross and MSNBC, they’re fully capable of doing those things."""	https://archive.org/details/FOXNEWSW_20221020_050000_Tucker_Carlson_Tonight	Tucker Carlson (Fox News host)	October 19, 2022
political correctness	racist	concept (policy)	Formal/Offline	"""Ironically, on the 200th anniversary of our Bill of Rights, we find free speech under assault throughout the United States, including on some college campuses. The notion of political correctness has ignited controversy across the land. And although the movement arises from the laudable desire to sweep away the debris of racism and sexism and hatred, it replaces old prejudice with new ones. It declares certain topics off-limits, certain expression off-limits, even certain gestures off-limits.
What began as a crusade for civility has soured into a cause of conflict and even censorship. Disputants treat sheer force -- getting their foes punished or expelled, for instance -- as a substitute for the power of ideas."""	https://www.presidency.ucsb.edu/documents/remarks-the-university-michigan-commencement-ceremony-ann-arbor	George Bush Sr.	May 4, 1991
power level	white supremacist	persona signal (shared culture)	Informal/Online	"""Guys, when an account gets restored it doesn’t have all followers immediately. It takes time to be restored to full power - and longer depending on the power level of the account"""	https://web.archive.org/web/20221231152703/https://twitter.com/JackPosobiec/status/1594149654215946240	Jack Posobiec (alt-right political activist and television correspondent)	November 19, 2022
preemptive strike	conservative	concept (policy)	Formal/Offline	"_](https://www.presidency.ucsb.edu/documents/letter-the-speaker-the-house-representatives-and-the-president-pro-tempore-the-senate-1))
""These strikes were conducted in the exercise of our right of self-defense under Article 51 of the United Nations Charter. This necessary and appropriate action was a pre-emptive strike, directed against the Libyan terrorist infrastructure and designed to deter acts of terrorism by Libya, such as the Libyan-ordered bombing of a discotheque in West Berlin on April 5. Libya's cowardly and murderous act resulted in the death of two innocent people—an American soldier and a young Turkish woman—and the wounding of 50 United States Armed Forces personnel and 180 other innocent persons. """	https://www.presidency.ucsb.edu/documents/letter-the-speaker-the-house-representatives-and-the-president-pro-tempore-the-senate-1	Ronald Reagan	April 16, 1986
"prefix ""super"""	transphobic	persona signal (self-referential)	Informal/Online	"""Why are the writers at Marvel allowed to write this sexual orientation into Captain America, who has always identified as #superstraight? Why is their bigotry considered acceptable?"""	https://web.archive.org/web/20210910032915/https://twitter.com/ConceptualJames/status/1373100620299784192	James Lindsay (author)	March 19, 2021
pro-family	homophobic	concept (values)	Formal/Offline	"""Today, Romney for President launched its newest television ad, ""Not Politically Correct."" The ad highlights Governor Romney's record of fighting for conservative principles in the bluest of blue states. When it was not politically correct, Governor Romney stood up for life, required English in the classroom and fought for marriage as between a man and a woman. Governor Romney believes that we can strengthen America by bringing pro-family, conservative change to Washington."""	https://www.presidency.ucsb.edu/documents/press-release-romney-for-president-launches-new-television-ad-not-politically-correct	Romney for President Campaign	December 7, 2007
property rights	racist	concept (policy)	Formal/Offline	"""There is something to this term backlash — I call it reverse ""English"". The people in the North and West, while they are eager for the Negro to have all his rights, they don't want their property rights tampered with. The people feel they should have the right to say who lives near them."""	https://www.nytimes.com/1964/05/02/archives/goldwater-finds-north-is-uneasy-says-some-see-rights-drive-as.html	Barry Goldwater (Republican presidential candidate)	May 1, 1964
protecting women and girls	transphobic	concept (values)	Formal/Offline	"""The conflation of the category of sex with the category of ‘gender identity’ hinders the protection of women and girls from violence perpetrated against them by men and boys. It increasingly enables men who consider that they have a female ‘gender identity’ to claim access to female single sex victim support services and spaces, as both service users and as service providers. This includes specialist single-sex provisions for women and girls who have been subject to violence, such as shelters and health care facilities. It also includes other services in which single-sex provision is crucial to the promotion of the physical safety, health, privacy, and dignity of women and girls. The presence of men in female single-sex spaces and services undermines the role of these services in protecting women and girls, and could make women and girls vulnerable to violent men who may claim a female ‘gender identity’."""	http://web.archive.org/web/20200726181022/https://womensdeclaration.com/en/declaration-womens-sex-based-rights-full-text/	Women's Declaration International	July 26, 2020 [website first captured]
public school	racist	concept (other)	Formal/Offline	"""For decades, the public schools of Edina, Minnesota, were the gold standard among the state’s school districts. Edina is an upscale suburb of Minneapolis, but virtually overnight, its reputation has changed. Academic rigor is unraveling, high school reading and math test scores are sliding, and students increasingly fear bullying and persecution.
The shift began in 2013, when Edina school leaders adopted the “All for All” strategic plan—a sweeping initiative that reordered the district’s mission from academic excellence for all students to “racial equity.”"""	https://www.washingtonexaminer.com/weekly-standard/inside-a-public-school-social-justice-factory	Katherine Kersten (Fellow at Center of the American Experiment, a conservative think tank)	February 1, 2018
pulling strings	antisemitic	stereotype-based descriptor	Formal/Offline	"""From the militarized capital of DC ruled an evil, traitorous cabal, pulling the strings of a senile puppet president, who they had installed with devious fraud. Their goal was simple. Bring the remaining patriotic American people to their knees and crush Liberty once and for all."""	http://web.archive.org/web/20210307231608/https://twitter.com/unscriptedmike/status/1368701958698205190	Anonymous	March 7, 2021
puppet masters	antisemitic	stereotype-based target group label	Formal/Offline	"""George “Puppet Master” Soros, who tried to use fear tactics to create panic among UK investors and voters in the run-up to the Brexit vote, suffered big financial losses when the British people chose to “leave” the European Union last week.
"""	http://web.archive.org/web/20201002181001/https://www.breitbart.com/politics/2016/06/27/puppet-master-soros-losses-big-betting-british-people/	Chriss W. Street (writer for Breitbart)	June 27, 2016
quotas	racist	concept (policy)	Formal/Offline	"""Black people are worshipped in America through affirmative action and diversity quotas. White Trump supporters are shot in federal buildings and made fun of by celebrities.
Save your “white privilege” myth for a stupid idiot."""	http://web.archive.org/web/20220723221329/https://twitter.com/ChristianWalk1r/status/1347401635329417216	Christian Walker (social media influencer and son of Georgia Senate candidate Herschel Walker)	January 7, 2021
race realism	racist	concept (values)	Formal/Offline	"""I am a race realist. Race realists defend the existence of human races or subspecies, as opposed to race deniers. Race is just a subspecies - a group that has evolved somewhat differently from other members of the same species; mainly due to geografic differences.
Now, I'm not getting into which race is ""superior"". I'm not a nazi. It is very well known that whites are smarter than hispanics and blacks, and that asians are smarter than whites, but that's not a reason to think that some people are inherently superior to others. I'm a Christian, I value all humans exactly the same."""	http://web.archive.org/web/20230101231228/https://www.reddit.com/r/changemyview/comments/3p3ohn/cmv_human_races_exist/	Anonymous	October 17, 2015
radical Islam	Islamophobic	stereotype-based descriptor	Formal/Offline	"""Without question we must defend ourselves and American interests from our enemies, but until we name the enemy, we can’t win the war. The enemy is radical Islam. You can’t get around it. And not only will I name the enemy, I will do whatever it takes to defend America from these haters of mankind."""	https://time.com/3773964/rand-paul-presidential-campaign-launch-speech-transcript/	Rand Paul	April 7, 2015
RaHoWa	white supremacist	persona signal (symbol)	Informal/Online	"""Thank you for boosting our numbers, Candace. We are going to need them during RAHOWA."""	https://web.archive.org/web/20220211020239/https://twitter.com/CityBureaucrat/status/1491954519789428767	Anonymous	February 10, 2022
Reagan	white supremacist	arbitrary target group label	Informal/Online	"""I hate the Skittle ideology of waging skittle-jihad on Reagans, A Leppos, Fishbuckets! The car salesmen love to choke on Skittles and Google"""	https://web.archive.org/web/20230102181426/https://twitter.com/USA_Infidel247/status/782400291140349952	Anonymous	October 2, 2016
red square emoji	transphobic	persona signal (symbol)	Informal/Online	"""Er I am an ACTUAL woman not a feeling 🟥😂😂😂"""	https://twitter.com/twitsy16/status/1283440911381409793	Anonymous	July 15, 2020
references to cities with large racial minority populations being overrun by crime, drugs, rodents	racist	representative (Bogeyman)	Formal/Offline	"""Rep Elijah Cummings has been a brutal bully shouting and screaming at the great men & women of Border Patrol about conditions at the Southern Border when actually his Baltimore district is FAR WORSE and more dangerous. His district is considered the Worst in the USA......
...As proven last week during a Congressional tour the Border is clean efficient & well run just very crowded. Cumming District is a disgusting rat and rodent infested mess. If he spent more time in Baltimore maybe he could help clean up this very dangerous & filthy place
Why is so much money sent to the Elijah Cummings district when it is considered the worst run and most dangerous anywhere in the United States. No human being would want to live there. Where is all this money going? How much is stolen? Investigate this corrupt mess immediately!"""	https://www.presidency.ucsb.edu/documents/tweets-july-27-2019	Donald Trump	July 27, 2019
religious freedom	homophobic	concept (values)	Formal/Offline	"""We pledge to defend the religious beliefs and rights of conscience of all Americans and to safeguard religious institutions against government control. We endorse the First Amendment Defense Act, Republican legislation in the House and Senate which will bar government discrimination against individuals and businesses for acting on the belief that marriage is the union of one man and one woman. This Act would protect the non-profit tax status of faith-based adoption agencies, the accreditation of religious educational institutions, the grants and contracts of faith-based charities and small businesses, and the licensing of religious professions — all of which are under assault by elements of the Democratic Party. We encourage every state to pass similar legislation. We likewise endorse the efforts of Republican state legislators and governors who have defied intimidation from corporations and the media in defending religious liberty. """	https://www.presidency.ucsb.edu/documents/2016-republican-party-platform	Republican Party	July 18, 2016
Remove Kebab	Islamophobic	concept (other)	Informal/Online	"""I wish I lived in a country that didn't view AKs as the devil's gun. It's hard being a Canadian. Damn liberal tyrants preventing us from removing kebab.
(I know there are Valmet options, but it's just not the same)"""	https://www.reddit.com/r/guns/comments/4iwk2m/comment/d33imla/	Anonymous	May 12, 2016
right to know	anti-GMO	concept (values)	Formal/Offline	"""Studies show that more than 90% of Americans support mandatory labeling of genetically engineered (GE) foods. Yet for twenty years we have been denied that right. While our reasons for wanting to know what’s in our food may vary, what unifies us is the belief that it’s our right to know. Without labeling of GE foods, we cannot make informed choices about our food. The Just Label It campaign was created to advocate for the labeling of GE foods."""	http://web.archive.org/web/20120312092020/https://www.justlabelit.org/about-just-label-it/	Just Label It (campaign for mandatory labeling of GMO foods)	March 12, 2012 (first captured)
right to work	anti-GMO	concept (policy)	Formal/Offline	"""Now, George Meany, he wants the right-to-work law repealed in Texas, in my state. Senator Mondale's for the repeal of right-to-work laws. He wants to force you to join a labor union. Seventy-five percent of America's working men and women don't belong to labor unions, but they will if George Meany and Governor Carter and Senator Mondale have their way. They've also got some big Proposition Fourteen out in California where organizers come on your property three hours a day and organize farmers, unionize farmers. Governor Carter's for that. I assume Senator Mondale's for that. Certainly Cesar Chavez is, and other labor leaders. I just say they ought to have influence; they shouldn't have domination."""	https://www.presidency.ucsb.edu/documents/vice-presidential-debate-houston-texas	Bob Dole (former Kansas senator and 1976 vice presidential candidate)	October 15, 1976
Roman imagery	white supremacist	persona signal (symbol)	Informal/Online	"""Roman Legion Flag
[Flag depicting an eagle holding a fasces standing inside of a laurel wreath. Each of these symbols have been adopted by various elements of the far right.]"""	https://www.splcenter.org/hatewatch/2017/08/12/flags-and-other-symbols-used-far-right-groups-charlottesville	Anonymous	August 12, 2017
rootless cosmopolitan	antisemitic	stereotype-based target group label	Formal/Offline	"""I remembered Philadelphia in the 1960s, then I heard this and something dawned on me. This is a microcosm of everything that's wrong now in the United States, because we have a huge problem with a class of so-called elites, the people who are wealthy, very wealthy in many cases and they are, as the Russians used to call certain individuals many, many years ago, rootless cosmopolitans."""	https://www.mediamatters.org/fox-news/tucker-carlson-favorite-douglas-macgregor-stone-age-indigenous-people-south-asian	Douglas Macgregor (retired US Army Col. and a frequent Fox News guest)	October 27, 2021
Rothschilds	antisemitic	representative (Bogeyman)	Formal/Offline	"""As there are now over 70 people confirmed dead and over 1,000 missing, the fires in CA are a horrific tragedy. I’m praying for all involved! I’m posting this in speculation because there are too many coincidences to ignore… I find it very interesting that Roger Kimmel on the board of directors of PG&E is also Vice Chairman of Rothschild Inc, an international investment banking firm. I also find interesting the long history of financial contributions that PG&E has made to Jerry Brown over the years and millions spent in lobbying…Space solar generators collect the suns energy and then beam it back to Earth to a transmitter to convert to electricity. The idea is clean energy to replace coal and oil. If they are beaming the suns energy back to Earth, I’m sure they wouldn’t ever miss a transmitter receiving station right??!! I mean mistakes are never made when anything new is invented. What would that look like anyway? A laser beam or light beam coming down to Earth I guess. Could that cause a fire? Hmmm, I don’t know. I hope not! That wouldn’t look so good for PG&E, Rothschild Inc, Solaren, Or Jerry Brown….Seems like there’s a lot of connected people in this crowd. And with these space solar generators, I really hope they have very good aim beaming the suns power down to Earth…"""	https://www.mediamatters.org/facebook/marjorie-taylor-greene-penned-conspiracy-theory-laser-beam-space-started-deadly-2018	Marjorie Taylor Greene (Georgia Representative)	November 17, 2018
run your own schools	racist	concept (policy)	Formal/Offline	"""In furtherance of our faith in the individual, we also pledge the maximum restraint of Federal intrusions into matters more productively left to the individual. For instance, we pledge:
—to continue Republican sponsorship of practical Federal-State-local programs which will effectively treat the needs of the poor, while resisting, direct Federal handouts that erode away individual self-reliance and self-respect and perpetuate dependency;
—to continue the advancement of education on all levels, through such programs as selective aid to higher education, strengthened State and local tax resources, including tax credits for college education, while resisting the Democratic efforts which endanger local control of schools;
—to help assure equal opportunity and a good education for all, while opposing Federally-sponsored ""inverse discrimination,"" whether by the shifting of jobs, or the abandonment of neighborhood schools, for reasons of race;"""	https://www.presidency.ucsb.edu/documents/republican-party-platform-1964	Republican Party	July 13, 1964
RWDS	white supremacist	persona signal (symbol)	Informal/Online	"""This isnt (((your))) country, flee to israel while we're feeling generous.
#AltRight #RWDS"""	https://archive.is/uoKZC	Anonymous	November 9, 2016
safeguarding	transphobic	concept (values)	Formal/Offline	"""I’ve never lived in such misogynistic times as now. We must push back or loose so much of what we’ve (our mothers&grandmothers) have fought for. Do NOT be bullying into so-called ‘being kind’ at the detriment of fairness/safety for all females & especially safeguarding children"""	https://twitter.com/sharrond62/status/1602668286013063168	Sharron Davies (British athlete)	December 13, 2022
save women's sports	transphobic	concept (values)	Formal/Offline	"""Last June, biking champion Kate Weatherly, who identifies as a trans woman, lamented the new exclusion of trans-woman-identified athletes from certain women’s sports. The rules now applied to women’s swimming would ban Weatherly from women’s biking if they were applied there as well. These comments led the hashtag #savewomenssports to trend on Twitter, showing that many people welcome new rules that keep women’s sports open only to biological females. This idea is controversial, but it shouldn’t be…
…So, if what we mean by “woman” is “adult human female,” trans women are not women. If all we mean by “woman” is “feminine,” then we should probably just say that. Regardless of how we identify trans women, they are not female athletes. We must save women’s sports, so that biological women can retain fair and competitive athletic spaces.
"""	https://thehill.com/opinion/civil-rights/3731201-new-rules-are-working-to-save-womens-sports/	Elizabeth Grace Matthew (writer)	November 11, 2022
school choice	racist	concept (policy)	Formal/Offline	"""Unfortunately, even here in Florida, that if you elect these leftists to these school boards, they can do a lot of damage. They want to impose an ideology on our school children. We believe in education, not indoctrination. We believe that parents have a fundamental role in the education and upbringing of their children. We support schools, both charter schools, school districts, private schools, home school, we support everything in Florida but a school or a district does not supersede the rights of parents.
…We’ve also expanded parental choice, school choice for people all throughout the state of Florida. You now have … We have 1.3 million students that are in some type of choice program, whether a private scholarship, whether a charter school or whether choice within a school district. That’s a massive number of people. When I was growing up in Florida, wherever you lived, you went to the neighborhood school and that was that, even if that school wasn’t meeting your needs or wasn’t what the parent wanted."""	https://www.rev.com/blog/transcripts/gov-desantis-speaks-in-sarasota-8-21-22-transcript	Ron DeSantis (Florida Governor)	August 21, 2022
secure the border	anti-Latino	concept (policy)	Formal/Offline	"""We're asking Congress to support our immigration policy that keeps terrorists, drug dealers, criminals, and gang members out of our country. We want them out. We don't want them in. And right now we're working on DACA, we're working on immigration bills, and we're making them tough so you people can enforce the laws—sometimes tough because of the laws you have to enforce...
But we want securing the border and a wall, ending chain migration, and canceling the visa lottery. I think you all agree. Anybody in favor of the lottery, where you pick it out and you say, ""Good, we have a new United States citizen""? Doesn't work. And they're not giving us their finest. That we can tell you.
In everything we do, we're listening to law enforcement, and we're putting the safety and security of American people first."""	https://www.presidency.ucsb.edu/documents/remarks-roundtable-discussion-with-members-the-national-sheriffs-association	Donald Trump	February 13, 2018
security from unrest	racist	concept (policy)	Formal/Offline	"""The decade of the sixties was also a period of great growth economically. But in that same 10-year period we witnessed the greatest growth of crime, the greatest increase in inflation, the greatest social unrest in America in 100 years. Never has a nation seemed to have had more and enjoyed it less…
We have heard a great deal of overblown rhetoric during the sixties in which the word ""war"" has perhaps too often been used--the war on poverty, the war on misery, the war on disease, the war on hunger. But if there is one area where the word ""war"" is appropriate it is in the fight against crime. We must declare and win the war against the criminal elements which increasingly threaten our cities, our homes, and our lives. We have a tragic example of this problem in the Nation's Capital, for whose safety the Congress and the Executive have the primary responsibility. I doubt if many Members of this Congress who live more than a few blocks from here would dare leave their cars in the Capitol garage and walk home alone tonight. Last year this administration sent to the Congress 13 separate pieces of legislation dealing with organized crime, pornography, street crime, narcotics, crime in the District of Columbia. None of these bills has reached my desk for signature."""	https://www.presidency.ucsb.edu/documents/annual-message-the-congress-the-state-the-union-2	Richard Nixon	January 22, 1970
send me	religious	persona signal (shared culture)	Formal/Offline	"""Here is what I know about John Kerry. During the Vietnam War, many young men—including the current president, the vice president and me—could have gone to Vietnam but didn’t. John Kerry came from a privileged background and could have avoided it too. Instead he said, send me.
When they sent those swift-boats up the river in Vietnam, and told them their job was to draw hostile fire—to show the American flag and bait the enemy to come out and fight—John Kerry said, send me. When it was time to heal the wounds of war and normalize relations with Vietnam—and to demand an accounting of the POWs and MIAs we lost there—John Kerry said, send me.
When we needed someone to push the cause of inner-city kids struggling to avoid a life of crime, or to bring the benefits of high technology to ordinary Americans, or to clean the environment in a way that creates jobs, or to give small businesses a better chance to make it, John Kerry said send me.
Tonight my friends, I ask you to join me for the next 100 days in telling John Kerry’s story and promoting his plans. Let every person in this hall and all across America say to him what he has always said to America: Send Me."""	https://www.presidency.ucsb.edu/documents/address-the-democratic-national-convention-boston	Bill Clinton	July 26, 2004
sex is real	transphobic	persona signal (shared culture)	Formal/Offline	"""Biological sex *is* real and stories like the one below are deeply concerning. Coming hard on the heels of the aggressive intolerance displayed at the Pankhurst statue, it is time to draw up a line in defence of both free speech and the rights of women."""	http://web.archive.org/web/20220517074847/https://twitter.com/SimonClarkeMP/status/1526469679723716609	Simon Clarke (British Member of Parliament)	May 17, 2022
sex not gender	transphobic	persona signal (shared culture)	Informal/Online	"""We LGB spent decades proving we weren’t trying to convert children. Then came the gender ideology cult, hijacking decades of progress, crafting narratives that erase us, misleading confused kids, grooming them 2 join in. Sends us all back 20 years. #sexnotgender"""	http://web.archive.org/web/20220809230034/https://twitter.com/JEFFVARNER/status/1520574452618207235	Jeff Varner (TV personality and journalist)	May 1, 2022
sex-based rights	transphobic	concept (values)	Formal/Offline	"""When so-called leftists like @lloyd_rm demand that we give up our hard won sex-based rights, they align themselves squarely with men’s rights activists. To both groups, female trauma is white noise, an irrelevance, or else exaggerated or invented. """	http://web.archive.org/web/20220722130711/https://twitter.com/jk_rowling/status/1277264893394202626	J.K. Rowling	June 28, 2020
Sharia law	Islamophobic	concept (other)	Formal/Offline	"""I believe Sharia is a mortal threat to the survival of freedom in the United States and in the world as we know it. I think it's that straightforward and that real...
Stealth jihadis use political, cultural, societal, religious, intellectual tools; violent jihadis use violence. But in fact they’re both engaged in jihad, and they’re both seeking to impose the same end state, which is to replace Western civilization with a radical imposition of Shariah.
"""	https://www.nytimes.com/2011/12/22/us/politics/in-shariah-gingrich-sees-mortal-threat-to-us.html	Newt Gingrich (Former Georgia representative and House Speaker)	July 29, 2010
shekels	antisemitic	stereotype-based descriptor	Formal/Offline	"""But don’t you think people look through the fact that you can write a sensational nonsense book, CNN will definitely have you on there, because they love to trash the president. It will mean you sell three extra books, you make three extra shekels. I mean, at the behest of the American people, at the behest of our country, and a president that’s doing a phenomenal job by every quantifiable metric. I mean, is that really where we are? I think people read through this. I know people read through this."""	https://www.politico.com/story/2018/09/12/eric-trump-anti-semitism-accusations-818070	Eric Trump (Donald Trump's son)	September 12, 2018
Shlomo	antisemitic	arbitrary target group label	Informal/Online	"""Zelensky got $ 45 billion from Uncle Shlomo. But, how many kg of cocaine he left with?"""	http://web.archive.org/web/20230102215512/https://twitter.com/semper_vincit/status/1606783184888541184	Anonymous	December 24, 2022
shoah	antisemitic	concept (other)	Informal/Online	"""This flame 🔥is a tribute to all the #AltRight accounts that #Twitter has ruthlessly shoah'd in its war against free speech."""	https://archive.is/whXjT#selection-3497.0-3521.55	Anonymous	April 14, 2017
silent majority	racist	persona signal (self-referential)	Formal/Offline	"""Let historians not record that when America was the most powerful nation in the world we passed on the other side of the road and allowed the last hopes for peace and freedom of millions of people to be suffocated by the forces of totalitarianism.
And so tonight-to you, the great silent majority of my fellow Americans-I ask for your support.
I pledged in my campaign for the Presidency to end the war in a way that we could win the peace. I have initiated a plan of action which will enable me to keep that pledge.
The more support I can have from the American people, the sooner that pledge can be redeemed; for the more divided we are at home, the less likey, the enemy is to negotiate at Paris.
Let us be united for peace. Let us also be united against defeat. Because let us understand: North Vietnam cannot defeat or humiliate the United States. Only Americans can do that."""	https://www.presidency.ucsb.edu/documents/address-the-nation-the-war-vietnam	Richard Nixon	November 3, 1969
single parent	racist	stereotype-based target group label	Formal/Offline	"""Perhaps the most insidious effect of welfare is its usurpation of the role of provider. In States where payments are highest, for instance, public assistance for a single mother can amount to much more than the usable income of a minimum wage job. In other words, it can pay for her to quit work. Many families are eligible for substantially higher benefits when the father is not present. What must it do to a man to know that his own children will be better off if he is never legally recognized as their father? Under existing welfare rules, a teenage girl who becomes pregnant can make herself eligible for welfare benefits that will set her up in an apartment of her own, provide medical care, and feed and clothe her. She only has to fulfill one condition—not marry or identify the father."""	https://www.presidency.ucsb.edu/documents/radio-address-the-nation-welfare-reform-0	Ronald Reagan	February 15, 1986
Skittle	Islamophobic	arbitrary target group label	Informal/Online	"""Pronoun-perversity is a particularly nasty form of class warfare & turned me harder against the left than googles/skypes/skittles combined """	http://web.archive.org/web/20230102220232/https://twitter.com/InaneImperium/status/788368118187864064	Anonymous	October 18, 2016
Skype	antisemitic	phonetic-based target group label	Informal/Online	"""(((skypes))) using googles as a weapon"""	http://web.archive.org/web/20230102220335/https://twitter.com/NegativeDyllan/status/782669950955630592	Anonymous	October 2, 2016
snowflake	anti-liberal	stereotype-based target group label	Informal/Online	"""Half of all the liberal students say it's OK to infringe upon the free speech rights of other students because they offend others. Apparently, they offend anybody except for conservatives. Let's be clear, young people did not learn this on their own, years of left-wing professors and increasingly large numbers of radical activists on campus have shaped a new generation of snowflakes"""	http://web.archive.org/web/20220518205558/https://www.foxnews.com/politics/scott-walker-cpac-america-under-siege-campuses-culture	Scott Walker (former Wisconsin governor)	February 26, 2021
social justice warrior	anti-liberal	stereotype-based target group label	Informal/Online	"""I wrote an op-ed in the New York Times. It had a very simple message, very simple, common sense message grounded in American history and law, supported by a majority of Americans, arguing very simply if the police cannot, or especially if they are not allowed to, restore order, then it is time to send in the troops. And what happened next? Total meltdown with the little social justice warriors at the New York Times. All these children that have been marinated in the language of the campus seminar room. They said things like, “Your words put my life at risk,” as if typing on their phone, sitting on their futons was as dangerous as being a cop trying to stop rioters in the streets. Or, “Your words are violence.” Now, I’m sorry, Kiddo. Words are words. Violence is what your friends are doing out on the streets of America."""	https://www.rev.com/blog/transcripts/tom-cotton-2021-cpac-speech-transcript-february-26	Tom Cotton (Arkansas senator)	February 26, 2021
Sonnenrad	white supremacist	persona signal (symbol)	Informal/Online	"""Emma is right.
It’s an aspect of “White culture” & one day…we will reclaim it!
☀️💯⚡️☸️👌🏻☀️☮️"""	https://twitter.com/ChrisTussVictor/status/1595611478949875712	Anonymous	November 23, 2022
soy boy	anti-liberal	stereotype-based target group label	Informal/Online	"""Everyone hates you and that’s why you shut your replies on all your tweets, you megalomaniacal soy boy weirdo. [Quote tweet of Bill Gates]
"""	http://web.archive.org/web/20220713165446/https://twitter.com/RubinReport/status/1528919709671989248	Dave Rubin (political commentator and YouTuber)	May 23, 2022
special interests	antisemitic	stereotype-based descriptor	Formal/Offline	"""The Establishment has trillions of dollars at stake in this election. For those who control the levers of power in Washington and for the global special interests, they partner with these people who don’t have your good in mind"""	https://slate.com/news-and-politics/2016/11/is-donald-trumps-closing-campaign-ad-anti-semitic.html	Donald Trump	June 6, 2016
spiderweb emoji	transphobic	persona signal (symbol)	Informal/Online	"""haven't been able to be completely entertained in many months. today I watched Black Widow and sat in awe the entire time. it felt so good to get out of my head. 🕸️♀️ 💚🤍💜"""	https://twitter.com/ShannonMeridian/status/1515910787843436554	Anonymous	April 17, 2022
SPQR	white supremacist	persona signal (symbol)	Informal/Online	"""Cawthorn is the owner of SPQR Holdings, LLC, a real estate investment firm in Hendersonville. The firm was created in August 2019 and reported no income; he is its sole employee. The acronym ""has been embraced by skinhead gangs in Italy and by some white nationalists in the United States."" It is common on flags used by white supremacists, according to the Southern Poverty Law Center."""	http://web.archive.org/web/20201101021853/https://en.wikipedia.org/wiki/Madison_Cawthorn#Business	Madison Cawthorn (North Carolina Representative) owns SPQR Holdings; text from Wikipedia	November 1, 2022 (first capture mentioning business)
Staniland question	transphobic	concept (values)	Informal/Online	"""There are women in the Green Party fighting for women's rights. Sadly, not among the leadership who all repeat the TWAW mantra
I am also the CoChair of Green Party Women.
Sex is real
Biology matters,
People cannot change sex
The answer to the Staniland question is NO"""	http://web.archive.org/web/20210406084933/https://twitter.com/EmmaBatemanGPW/status/1343672706164809729	"Emma Bateman (Former Co-chair of 
Green Party Women in the UK)"	December 28, 2020
states' rights	racist	concept (policy)	Formal/Offline	"""I still believe the answer to any problem lies with the people. I believe in states' rights. I believe in people doing as much as they can for themselves at the community level and at the private level, and I believe we've distorted the balance of our government today by giving powers that were never intended in the Constitution to that federal establishment.
"""	"http://web.archive.org/web/20221107182437/https://en.wikipedia.org/wiki/Reagan's_Neshoba_County_Fair_""states'_rights""_speech"	Ronald Reagan	August 3, 1980
steroids	transphobic	stereotype-based descriptor	Formal/Offline	"""TRANSGENDER BOYS DOMINATE HIGH SCHOOL GIRLS AT STATE TRACK MEET...
In professional sports, performance enhancing drugs are illegal. Lets be serious, a transgender boy is like a girl on steroids and should be banned... Don't you think?"""	http://web.archive.org/web/20230103010903/https://twitter.com/kwilli1046/status/1005391515303202816	Kevin Williams (Podcaster)	June 9, 2018
strapping young buck	racist	stereotype-based target group label	Formal/Offline	"""Working people were outraged when they waited in lines at grocery store check-out counters while a strapping young buck ahead of them purchased T-bone steaks with food stamps."""	https://timesmachine.nytimes.com/timesmachine/1976/02/05/75572411.html?pageNumber=24	Ronald Reagan	February 4, 1976
string puller	antisemitic	stereotype-based target group label	Formal/Offline	"""The Political Class live in a world of wealth and power, and they don’t play by the same rules that you and I do. The Political Class operates above the law – literally, above it and lording over it. Since they make the laws, they can rewrite them to suit themselves. They pull the strings on the mainstream press establishment by playing games with information and power. As a result, the Political Class has been able to line its own pockets while much of the economy has gone to shambles."""	https://www.breitbart.com/politics/2011/11/15/occupy-nancy-pelosi-the-real-one-percent-is-americas-political-class/	Lee Stranahan (writer for Breitbart)	November 15, 2011
suffragette flag emojis	transphobic	persona signal (symbol)	Informal/Online	"""And together, we will win 💜🤍💚"""	https://rationalwiki.org/wiki/TERF_glossary#/media/File:Jkrdogwhistletweet.png	J.K. Rowling	July 18, 2021
superpredators	racist	stereotype-based target group label	Formal/Offline	"""Just as in a previous generation we had an organized effort against the mob. We need to take these people on. They are often connected to big drug cartels, they are not just gangs of kids anymore. They are often the kinds of kids that are called superpredators—no conscience, no empathy. We can talk about why they ended up that way, but first, we have to bring them to heel."""	https://www.c-span.org/video/?69606-1/hillary-clinton-campaign-speech	Hillary Clinton	January 25, 1996
surgical wound	transphobic	stereotype-based descriptor	Formal/Offline	"""When men who say they are women have their penises inverted and a blind cavity engineered into their perineum why do women have to tolerate this surgical wound being described as a “vagina”? We should protest it is deeply insulting and misogynistic"""	http://web.archive.org/web/20230103021706/https://twitter.com/pearlredmoon/status/1607681111592927232	Anonymous	December 27, 2022
SWPL	anti-liberal	arbitrary target group label	Informal/Online	"""Paglia has long made fun of fem*nists who claim to be independent but are oblivious to the working class men who keep their streets well-lit, clean, safe, without who they'd be helpless. Position of globalist SWPL's is the same though: conceited, snarky, but dependent..."""	https://web.archive.org/web/20230103022835/https://twitter.com/bronzeagemantis/status/972682152130351114	Bronze Age Pervert (author and podcaster)	March 10, 2018
take back	white supremacist	concept (values)	Formal/Offline	"""I wonder if the Mexican government sent him over here. Don't worry, we'll take our country back...The silent majority is back, and we're going to take the country back...we have to take back the heart of our country"""	https://www.washingtonpost.com/politics/trump-tells-supporters-we-need-to-take-back-the-heart-of-our-country/2015/07/11/066aecf2-27dd-11e5-b77f-eb13a215f593_story.html	Donald Trump	July 11, 2015
the goyim know	antisemitic	persona signal (shared culture)	Informal/Online	"""THE GOYIM KNOW GREENBLATT!!!!!!!!!!!!!!!!!!!!!!!!!!!!!!! [Quote tweet of ADL CEO Jonathan Greenblatt]"""	https://web.archive.org/web/20200623010317/https://twitter.com/Know_More_News/status/1275232843635945473	Adam Green (Youtuber)	June 22, 2020
thin blue line	racist	persona signal (symbol)	Informal/Online	"""We are proud to hang these Thin Blue Line flags in Government House to honor our brave law enforcement officers. A local elected official prohibiting police from displaying a flag given to them by a grateful child is disgraceful."""	http://web.archive.org/web/20220720131302/https://twitter.com/GovLarryHogan/status/1191095631424753664	Larry Hogan (Maryland Governor)	November 3, 2019
Three Percenters	white supremacist	persona signal (self-referential)	Informal/Online	"""Started my back piece today. New school Americana. III %er all day. [shared photo of back tattoo]"""	https://web.archive.org/web/20230103034020/https://twitter.com/RogerMathewsNJ/status/476868447893467136	Roger Mathews (TV personality and Youtuber	June 11, 2014
three strikes laws	racist	concept (policy)	Formal/Offline	"""I want 100,000 more police officers for community policing. The House voted for 50,000 but that's not enough. As we've seen in cities from Los Angeles to Houston, putting more officers on the street, working with people in their communities prevents crime and lowers the crime rate. I want the House to join the Senate to ban the weapons of war that plague our streets: assault weapons. I want both Houses to tailor a provision to put away repeat violent offenders and put them away for good, ""three strikes and they're out."""""	https://www.presidency.ucsb.edu/documents/the-presidents-radio-address-357	Bill Clinton	April 23, 1994
thug	racist	stereotype-based target group label	Formal/Offline	"""That is not a protest. That is not a statement. It’s people -- a handful of people taking advantage of a situation for their own purposes, and they need to be treated as criminals...My understanding is, is you’ve got some of the same organizers now going back into these communities to try to clean up in the aftermath of a handful of criminals and thugs who tore up the place. What they were doing, what those community leaders and clergy and others were doing, that is a statement. That’s the kind of organizing that needs to take place if we’re going to tackle this problem."""	https://www.presidency.ucsb.edu/documents/the-presidents-news-conference-with-prime-minister-shinzo-abe-japan-0	Barack Obama	April 28, 2015
tiny minority of men	transphobic	stereotype-based target group label	Formal/Offline	"""It's astonishing to me that ""woman"" is being redefined because a tiny minority of men wish to be included in that definition. And @AnnelieseDodds is left unable to articulate what she and half of the population are. Astonishing"""	https://web.archive.org/web/20220309080810/https://twitter.com/sueveneer/status/1501469847829557248	Anonymous	March 9, 2022
tough on crime	racist	concept (policy)	Formal/Offline	"""We cannot take our country back until we take our neighborhoods back. Four years ago this crime issue was used to divide America. I want to use it to unite America. I want to be tough on crime and good for civil rights. You can't have civil justice without order and safety."""	https://www.nytimes.com/1992/07/24/us/1992-campaign-democrats-clinton-houston-speech-assails-bush-crime-issue.html	Bill Clinton	7/23/1992
Trans Identified Female	transphobic	stereotype-based target group label	Informal/Online	"""The fragility of a TIF🧵
Back in November I took a trip to Brighton.
Casually chatting to a groups of creatives at a bar , a trans identified female made a statement to the whole group entirely out of the blue.
‘Ahem, my NEW name is Jethro’."""	https://web.archive.org/web/20230103034933/https://twitter.com/pink_carbonunit/status/1607860807873732611	Anonymous	December 27, 2022
Trans Identified Male	transphobic	stereotype-based target group label	Informal/Online	"""Trans identified males are a demographic of men not a demographic of women and should be welcomed, accepted & safe into male spaces."""	https://web.archive.org/web/20230103040153/https://twitter.com/salltweets/status/1587762991289683968	Sall Grover (Founder and CEO of Giggle, a female-only social network)	November 2, 2022
TRAs	transphobic	stereotype-based target group label	Informal/Online	"""Every day more women are joining the fight for women’s rights, a reality it seems the TRAs never really planned for.
But women of every political affiliation, religion, race & culture care about our own rights & every single one of us deserves them.
Here’s to winning in 2023 💗"""	https://web.archive.org/web/20230103154834/https://twitter.com/salltweets/status/1608945002318819330	Sall Grover (Founder and CEO of Giggle, a female-only social network)	December 30, 2022
Trilateral Commission	antisemitic	representative (Bogeyman)	Formal/Offline	"""It helps explain why whichever party you vote for you invariably end up with the same policies. In the UK, for example, Labour Opposition leader Sir Keir Starmer is a member of the Trilateral Commission, one of those shadowy supranational organisations pushing toward the same goals — ‘sustainability’ (a cosy codeword for eco-fascism), biosecurity, Central Bank Digital Currencies, etc — currently being chased by Boris Johnson and leaders around the world. Whether you vote Labour or Conservative makes zero difference: you always get the same Uniparty."""	https://web.archive.org/web/20220922020724/https://www.breitbart.com/europe/2021/12/14/democracy-is-dead-in-the-uk-and-everywhere/	James Delingpole (writer)	December 14, 2021
triple parentheses	antisemitic	arbitrary target group label	Informal/Online	"""Some (((narratives))) are on the way out. #Holahoax"""	https://www.ajc.org/translatehate/echo	Anonymous	September 2016
troon	transphobic	arbitrary target group label	Informal/Online	"""Someone needs to write a really in-depth explanation of how people get groomed into being troons. Full specifics - how reddit and discord play in, common avenues of introduction, etc. Something you can show to a parent that tells everything."""	http://web.archive.org/web/20230103160528/https://twitter.com/pinewalker_/status/1608490458174623744	Anonymous	December 29, 2022
two lightning bolt emojis	white supremacist	persona signal (symbol)	Informal/Online	"""Wait! What?
You just sealed the deal.
Enjoy 5 more years of MAGA
🤣🤣🤣 ⚡👊⚡ ⚡👊⚡"""	https://twitter.com/880EchoPapa/status/1207530027857956866	Anonymous	December 19, 2019
uterus-haver	transphobic	persona signal (self-referential)	Informal/Online	"""t's interesting how so many liberals are cool with the fact there is an entire movement that is essentially trying to erase/redefine women, or reduce them to 'birthing persons', 'vagina owners', and 'uterus havers'.
I don't know a single conservative who is OK with this. 🤣"""	http://web.archive.org/web/20220604034111/https://twitter.com/ZubyMusic/status/1502405201080291328	Zuby (musician and podcaster)	March 11, 2022
vaccine safety	anti-vax	concept (values)	Formal/Offline	"""Vaccines save lives absolutely. But asking for an independent commission to review vaccine safety is not “anti-vaxx.” It’s “safe-vaxx,” which is totally understandable given over $4B paid in vaccine injury claims. Why are so many people so invested in protecting Big Pharma? Odd."""	http://web.archive.org/web/20220420192858/https://twitter.com/marwilliamson/status/1203800813744857088	Marianne Williamson (author, activist, 2020 presidential primary candidate)	December 8, 2019
vegan cat	transphobic	humor/mockery/sarcasm	Informal/Online	"""A transgender 4 year old is like a vegan cat. We all know who's making the lifestyle choices."""	http://web.archive.org/web/20220830035407/https://twitter.com/MsBlaireWhite/status/1506023970792955913	Blaire White (Youtuber and podcaster)	March 21, 2022
Vinland	white supremacist	persona signal (symbol)	Informal/Online	"""Wrong. I will sail my viking ship to Vinland and help my patriot friends! From Norway."""	http://web.archive.org/web/20220517003435/https://twitter.com/Gangdraupne/status/1526360445233381376	Anonymous	May 16, 2022
voter fraud	racist	concept (policy)	Formal/Offline	"""Get out and vote. But they even want to try and rig the election at the polling booths where so many cities are corrupt. And you see that. And voter fraud is all too common. And then they criticize us for saying that. And we have even Republicans, ""Oh, that's such a terrible thing to say.""
Well, take a look at Philadelphia, what's been going on. Take a look at Chicago, take a look at St. Louis. Take a look at some of these cities where you see things happening that are horrendous. And if you talk about them, they say bad things about you. They call you a racist. They call you all—and by the way, speaking of that, nobody will do more for the African-American citizens of this country than Donald Trump, nobody, nobody. Nobody will do more for the Latino community than Donald Trump, I can tell you."""	https://www.presidency.ucsb.edu/documents/remarks-the-norris-penrose-event-center-colorado-springs-colorado	Donald Trump	October 18, 2016
war on Christmas	conservative	concept (values)	Formal/Offline	"""“It is our solemn responsibility as Americans to defend each other’s right to believe in God or not, however, I denounce this organization’s lack of decency, civility and kindness to people of faith as expressed on these billboard messages. It seems to me that this is part of a continued “War on Christmas” and also upon the belief and value system of millions of Christian, Jewish and Muslim people who have faith in God. Religious persecution of the kind that similarly lead to the Holocaust began with small baby steps of ridicule and hatred of the religious beliefs of others. The same would be true of expressions of hatred levied upon others because they do not believe."""	https://www.nysenate.gov/newsroom/press-releases/andrew-j-lanza/senator-andrew-lanza-denounces-american-atheists’-hateful	Andrew Lanza (New York State Senator)	December 13, 2013
war on crime	racist	concept (policy)	Formal/Offline	"""My goal for the next 4 years is for every American city to begin realizing the kind of victories in the war on crime which we have already achieved in the Nation's Capital--where the crime rate has been cut in half since my Administration took office, and where heroin overdose deaths have almost disappeared.
This kind of progress can and must be made all across America. By winning the war on crime and drugs, we can restore the social climate of order and justice which will assure our society of the freedom it must have to build and grow."""	https://www.presidency.ucsb.edu/documents/campaign-statement-about-crime-and-drug-abuse	Richard Nixon	October 28, 1972
war on drugs	racist	concept (policy)	Formal/Offline	"""Now, I'd like to turn to another subject: the war on drugs. I want all Americans to take heart. This war is not yet won, not by a long shot. But we're doing better, and our nation is united against this scourge as never before.
Right now there's a drug bill on Capitol Hill. It has passed the House but hasn't even come up for consideration in the Senate, and time is fast running out. The House bill has many good and tough provisions that express our national commitment to five simple but powerful words. Those words are ""zero tolerance"" and ""just say no.""
When we say zero tolerance, we mean, simply, that we've had it. We will no longer tolerate those who sell drugs and those who buy drugs. All Americans of good will are determined to stamp out those parasites who survive and even prosper by feeding off the energy and vitality and humanity of others. They must pay. We believe that when those who sell drugs are caught they must make redress for the damage they cause."""	https://www.presidency.ucsb.edu/documents/radio-address-the-nation-economic-growth-and-the-war-drugs	Ronald Reagan	October 8, 1988
war on terror	Islamophobic	concept (policy)	Formal/Offline	"""What's at stake here is our ability to take the basic part of the world, the Middle East, that has been the seed bed from which these terrorists have grown, that have attacked the United States and have been engaged in this war on terror now that goes back for a good many years. If we can successfully stand up good, solid governments, able to control their sovereign territory, representative of their people, that never again become safe havens for terrorists who are involved in producing weapons of mass destruction in Afghanistan and in Iraq, we will have struck a blow at the basic, fundamental foundations of terrorism in the world which they're not likely to be able to recover from."""	https://www.presidency.ucsb.edu/documents/remarks-the-vice-president-bush-cheney-04-reception-1	Dick Cheney (former Vice President)	October 3, 2003
war on women	liberal	concept (policy)	Formal/Offline	"""Over the last three years, women’s reproductive rights have come under attack in a way we haven’t seen in modern history. From Louisiana to Missouri to Texas, Republican legislatures are waging a war on women, all women, and they’re taking away fundamental rights."""	https://www.rev.com/blog/transcripts/chuck-schumer-pro-abortion-rally-speech-transcript-says-kavanaugh-gorsuch-will-pay-the-price	Chuck Schumer (New York Senator)	March 4, 2020
we wuz kangz	racist	stereotype-based descriptor	Informal/Online	"""We wuz kangz and mother of Jesus and sheeet"""	https://twitter.com/AdrianBerceni/status/1594171724668469248	Anonymous	November 19, 2022
welfare	racist	concept (policy)	Formal/Offline	"""This spring I will send you a comprehensive welfare reform bill that builds on the Family Support Act of 1988 and restores the basic values of work and responsibility. We'll say to teenagers, ""If you have a child out of wedlock, we will no longer give you a check to set up a separate household. We want families to stay together""; say to absent parents who aren't paying their child support, ""If you're not providing for your children, we'll garnish your wages, suspend your license, track you across State lines, and if necessary, make some of you work off what you owe."" People who bring children into this world cannot and must not walk away from them. But to all those who depend on welfare, we should offer ultimately a simple compact. We'll provide the support, the job training, the child care you need for up to 2 years. But after that, anyone who can work, must, in the private sector wherever possible, in community service if necessary. That's the only way we'll ever make welfare what it ought to be, a second chance, not a way of life."""	https://www.presidency.ucsb.edu/documents/address-before-joint-session-the-congress-the-state-the-union-12	Bill Clinton	January 25, 1994
welfare cheats	racist	stereotype-based target group label	Formal/Offline	"""We will not accept the Enron-ization of America, where insider deals and corporate welfare tilt the playing field in favor of well-connected mega-businesses and political friends. Stand for fair play--not handouts, not special interests--just plain, old-fashioned, everyone-plays-by-the-same rules. In the name of fairness, stop the rogues in the financial-services industry who quietly steal families' homes and pensions. Reject welfare cheats, corporate cheats, or cheats of any other stripe. Speak to us of fundamental fairness, and we will believe again in what we can be."""	https://prospect.org/special-report/vital-middle/	Elizabeth Warren (Massachusetts senator)	July 16, 2004
welfare queen	racist	stereotype-based target group label	Formal/Offline	"""There's a woman in Chicago. She has 80 names, 30 addresses, 12 Social Security cards and is collecting veterans’ benefits on four nonexisting deceased husbands. And she's collecting Social Security on her cards. She's got Medicaid, getting food stamps and she is collecting welfare under each of her names. Her tax-free cash income alone is over $150,000."""	https://www.nytimes.com/1976/02/15/archives/welfare-queen-becomes-issue-in-reagan-campaign-hitting-a-nerve-now.html	Ronald Reagan	February 14, 1976
White Lives Matter	racist	concept (values)	Formal/Offline	"""Statistically a white criminal is at far greater risk of being shot by police versus a black suspect. Where's our riot? #whitelivesmatter
"""	http://web.archive.org/web/20230104211130/https://twitter.com/MarkYoungTruth/status/909619870043648001	Mark Young (author and podcaster)	September 17, 2017
who nose?	antisemitic	stereotype-based descriptor	Informal/Online	"""""Do I look like I am ever going to pass?""
Who nose, honey. Who nose?"""	http://web.archive.org/web/20230103225632/https://twitter.com/ElizabethKeesey/status/1593633873782611968	Anonymous	November 18, 2022
Willie Horton	racist	representative (Bogeyman)	Formal/Offline	"""Bush and Dukakis on crime. Bush supports the death penalty for first degree murderers. Dukakis not only opposes the death penalty, he allowed first degree murderers to have weekend passes from prison. One was Willie Horton who murdered a boy in a robbery, stabbing him 19 times. Despite a life sentence, Horton received 10 weekend passes from prison. Horton fled, kidnapped a young couple, stabbing the man and repeatedly raping his girlfriend. [with image/mugshot of Horton]"""	http://www.livingroomcandidate.org/commercials/1988/willie-horton	George H.W. Bush	September 21, 1988
windmill	white supremacist	persona signal (symbol)	Informal/Online	"""What can I say, old german guys just wanna rule the world with their Windmill of friendship"""	http://web.archive.org/web/20230103223222/https://twitter.com/Zunigadragon/status/1596883184549232640	Anonymous	November 27, 2022
womanface	transphobic	stereotype-based descriptor	Informal/Online	"""Dear @eddieizzard, it's perfectly fine to be a transvestite who likes to wear women's clothing, in fact we all thought you brave for doing so publicly and applauded you for it! What is NOT all right is claiming that this makes you an actual woman. It doesn't. It's #WomanFace"""	http://web.archive.org/web/20230103230759/https://twitter.com/PiercyRohase/status/1589294920812367872	Piercy Rohase (author)	November 6, 2022
womyn	transphobic	persona signal (self-referential)	Informal/Online	"""Now that we’re talking about abortion, suddenly it’s about women’s rights… not womxn’s rights… suddenly it’s not about birthing persons… suddenly men can’t get pregnant. Suddenly it’s about men vs. women. What happened to all the female larping and appropriating of womanhood?"""	http://web.archive.org/web/20210907214851/https://twitter.com/Evie_Magazine/status/1433795873532698627	Evie Magazine	September 3, 2021
wonder-working power	religious	persona signal (shared culture)	Formal/Offline	"""Yet there's power-- wonder-working power-- in the goodness and idealism and faith of the American people."""	https://www.presidency.ucsb.edu/documents/address-before-joint-session-the-congress-the-state-the-union-23	George W. Bush	January 28, 2003
working class	racist	persona signal (self-referential)	Formal/Offline	"""The basic principles of those laws haven't been changed in over half a century, making them divorced from the needs of our economy, while also depressing working-class wages. That's why we've introduced the Reforming American Immigration for a Strong Economy Act, which updates our immigration laws to attract more ultra-high-skilled workers — and give working-class families the raise they deserve."""	https://www.presidency.ucsb.edu/documents/press-release-senators-tom-cotton-and-david-perdue-usa-today-our-immigration-plan-pro	Tom Cotton (Arkansas senator) and David Perdue (former Georgia senator)	August 08, 2017
XX	transphobic	persona signal (self-referential)	Informal/Online	"""I am a feminist. I know what a woman is. I fight for the rights of women and girls. Do you? #resistance #letwomenspeak #JKRowling #xx [Attached photo of person wearing cap that says ""XX""]"""	http://web.archive.org/web/20220518063102/https://twitter.com/Wild_Womyn/status/1526812386841317376	Wild Womyn Workshop (clothing store)	May 18, 2022
Yahoo	anti-Latino	arbitrary target group label	Informal/Online	"""yea they all are geniuses. Same with every illegal alien crossing border. We will have couple million yahoos"""	http://web.archive.org/web/20230104003319/https://twitter.com/Oil_vampire/status/783423388006047744	Anonymous	October 4, 2016
YKW	antisemitic	stereotype-based target group label	Informal/Online	"""Essentially if one bought anything from Wexner's multiple brands that also included Bath & Body Works, La Senza & Lane Bryant, the money possibly made its way to Epstein who used it to traffic underage girls. The docu is available #ykw"""	http://web.archive.org/web/20220722050605/https://twitter.com/karishmau/status/1550346263522340865	Karishma Upadhyay (writer)	July 22, 2022
you can identify as anything you'd like	transphobic	humor/mockery/sarcasm	Formal/Offline	"""Just because you say you're non-binary doesn't make you special.
We're all males and females. You can identify as whatever you like, as such an identification comes from within yourself.
But don't demand society to restructure itself around your internal perception."""	http://web.archive.org/web/20200331194746/https://twitter.com/zaelefty/status/1245067729167663105	Zach Elliott (author)	March 31, 2020
YWNBAW	transphobic	stereotype-based target group label	Informal/Online	"""Might I suggest you reach out to YWNBAW? Very likely to help shed light on the situation."""	http://web.archive.org/web/20210805143839/https://twitter.com/QuiQuiQuiQui4/status/1423286704262160392	Anonymous	August 5, 2021
Zionist	antisemitic	stereotype-based target group label	Formal/Offline	"""Ronald Lauder, Zionist billionaire who gave Jeffrey Epstein Austrian passport w/fake name & ""the driving force"" behind privatizing Twin Towers so Larry Silverstein could get 99-year lease, calls for Apple, Spotify to remove Kanye's music"""	http://web.archive.org/web/20230104020204/https://twitter.com/drbairdonline/status/1600884878429499392	Bruce Baird (podcaster and author)	December 8, 2022
Zionist Occupation Government	antisemitic	concept (other)	Formal/Offline	"""yoel roth & harley pasternak both caught publicly trying to control what people say in the same week? do better, zog."""	https://twitter.com/GodCloseMyEyes/status/1588569802918236160	Anonymous	November 4, 2022
Zioworld	antisemitic	concept (other)	Informal/Online	"""ZioWorld Bankers.Their days are numbered. Liars deceivers and thieves have the upper hand until they have shit on everyone . No hiding now."""	https://archive.is/5PLdw#selection-403.0-408.0	Anonymous	May 13, 2017
